action_type,author.badges.0.icons.0.id,author.badges.0.icons.0.url,author.badges.0.icons.1.height,author.badges.0.icons.1.id,author.badges.0.icons.1.url,author.badges.0.icons.1.width,author.badges.0.icons.2.height,author.badges.0.icons.2.id,author.badges.0.icons.2.url,author.badges.0.icons.2.width,author.badges.0.title,author.id,author.images.0.id,author.images.0.url,author.images.1.height,author.images.1.id,author.images.1.url,author.images.1.width,author.images.2.height,author.images.2.id,author.images.2.url,author.images.2.width,author.name,emotes.0.id,emotes.0.images.0.id,emotes.0.images.0.url,emotes.0.images.1.height,emotes.0.images.1.id,emotes.0.images.1.url,emotes.0.images.1.width,emotes.0.images.2.height,emotes.0.images.2.id,emotes.0.images.2.url,emotes.0.images.2.width,emotes.0.is_custom_emoji,emotes.0.name,emotes.0.search_terms.0,emotes.0.search_terms.1,emotes.0.search_terms.2,emotes.0.search_terms.3,emotes.0.search_terms.4,emotes.0.shortcuts.0,emotes.0.shortcuts.1,emotes.0.shortcuts.2,emotes.0.shortcuts.3,emotes.1.id,emotes.1.images.0.id,emotes.1.images.0.url,emotes.1.images.1.height,emotes.1.images.1.id,emotes.1.images.1.url,emotes.1.images.1.width,emotes.1.images.2.height,emotes.1.images.2.id,emotes.1.images.2.url,emotes.1.images.2.width,emotes.1.is_custom_emoji,emotes.1.name,emotes.1.search_terms.0,emotes.1.search_terms.1,emotes.1.search_terms.2,emotes.1.search_terms.3,emotes.1.search_terms.4,emotes.1.shortcuts.0,emotes.1.shortcuts.1,emotes.1.shortcuts.2,emotes.1.shortcuts.3,emotes.2.id,emotes.2.images.0.id,emotes.2.images.0.url,emotes.2.images.1.height,emotes.2.images.1.id,emotes.2.images.1.url,emotes.2.images.1.width,emotes.2.images.2.height,emotes.2.images.2.id,emotes.2.images.2.url,emotes.2.images.2.width,emotes.2.is_custom_emoji,emotes.2.name,emotes.2.search_terms.0,emotes.2.search_terms.1,emotes.2.search_terms.2,emotes.2.search_terms.3,emotes.2.shortcuts.0,emotes.2.shortcuts.1,emotes.2.shortcuts.2,emotes.2.shortcuts.3,message,message_id,message_type,timestamp
add_chat_item,,,,,,,,,,,,UCWKHaKBaAeAcpew-tyzFC6A,source,https://yt4.ggpht.com/-AihpPx0MWA2ZAc06P5hM7-SJdXeUGa9Xsxx0q5JPHI1hELRm_aPxljws-2KKiOc4bWUU5UB2_0,32,32x32,https://yt4.ggpht.com/-AihpPx0MWA2ZAc06P5hM7-SJdXeUGa9Xsxx0q5JPHI1hELRm_aPxljws-2KKiOc4bWUU5UB2_0=s32-c-k-c0x00ffffff-no-rj,32,64,64x64,https://yt4.ggpht.com/-AihpPx0MWA2ZAc06P5hM7-SJdXeUGa9Xsxx0q5JPHI1hELRm_aPxljws-2KKiOc4bWUU5UB2_0=s64-c-k-c0x00ffffff-no-rj,64,Mr Prkp,,,,,,,,,,,,,,,,,,,,,,,,,,,,,,,,,,,,,,,,,,,,,,,,,,,,,,,,,,,,,,,,,,@Rose Khan can you hav einstagram ?,ChwKGkNNRG81SXJDMVlNREZkX0J3Z1FkRGprT2ln,text_message,1704982316983889
add_chat_item,,,,,,,,,,,,UC-MplG_I0tJrMEZOK83orvQ,source,https://yt4.ggpht.com/ytc/AIf8zZRiT5PVVJJbyeebkqx_DCqmV7fmmVor412nBYegLA,32,32x32,https://yt4.ggpht.com/ytc/AIf8zZRiT5PVVJJbyeebkqx_DCqmV7fmmVor412nBYegLA=s32-c-k-c0x00ffffff-no-rj,32,64,64x64,https://yt4.ggpht.com/ytc/AIf8zZRiT5PVVJJbyeebkqx_DCqmV7fmmVor412nBYegLA=s64-c-k-c0x00ffffff-no-rj,64,monke,,,,,,,,,,,,,,,,,,,,,,,,,,,,,,,,,,,,,,,,,,,,,,,,,,,,,,,,,,,,,,,,,,@Kazama KERAALAAA,ChwKGkNNUE02SXJDMVlNREZWRER3Z1FkeVpJSmp3,text_message,1704982317037021
add_chat_item,,,,,,,,,,,,UCDGqVMvwb3h9-a2pBsHhS3Q,source,https://yt4.ggpht.com/ytc/AIf8zZRoOEh4EulAwl2n9MmImgEORt1OMh3voteK2o8OcoSayUFX28cUA9eXRLiNbniK,32,32x32,https://yt4.ggpht.com/ytc/AIf8zZRoOEh4EulAwl2n9MmImgEORt1OMh3voteK2o8OcoSayUFX28cUA9eXRLiNbniK=s32-c-k-c0x00ffffff-no-rj,32,64,64x64,https://yt4.ggpht.com/ytc/AIf8zZRoOEh4EulAwl2n9MmImgEORt1OMh3voteK2o8OcoSayUFX28cUA9eXRLiNbniK=s64-c-k-c0x00ffffff-no-rj,64,Bobby Ba,üíÄ,source,https://www.youtube.com/s/gaming/emoji/0f0cae22/emoji_u1f480.svg,,,https://www.youtube.com/s/gaming/emoji/0f0cae22/emoji_u1f480.svg,,,,,,False,:skull:,skull,,,,,:skull:,,,,,,,,,,,,,,,,,,,,,,,,,,,,,,,,,,,,,,,,,,,,,,,nah your misery makes me happy :skull:,ChwKGkNQWGhoNHpDMVlNREZRMEkxZ0FkU1JNSHNn,text_message,1704982319607883
add_chat_item,,,,,,,,,,,,UCjwX3BGic7gclNqd4Lh3G0w,source,https://yt4.ggpht.com/ytc/AIf8zZRvULBY5xRbei0w1qUh23bFEUWjidjtUGi-_hXcZg,32,32x32,https://yt4.ggpht.com/ytc/AIf8zZRvULBY5xRbei0w1qUh23bFEUWjidjtUGi-_hXcZg=s32-c-k-c0x00ffffff-no-rj,32,64,64x64,https://yt4.ggpht.com/ytc/AIf8zZRvULBY5xRbei0w1qUh23bFEUWjidjtUGi-_hXcZg=s64-c-k-c0x00ffffff-no-rj,64,–ú–∞–∫—Å–∏–º –°—Ç–µ–ø–∞–Ω–æ–≤,üíã,source,https://www.youtube.com/s/gaming/emoji/0f0cae22/emoji_u1f48b.svg,,,https://www.youtube.com/s/gaming/emoji/0f0cae22/emoji_u1f48b.svg,,,,,,False,:kiss:,kiss,mark,,,,:kiss:,:kiss_mark:,,,,,,,,,,,,,,,,,,,,,,,,,,,,,,,,,,,,,,,,,,,,,,—Å–ø–æ–∫–∏ –Ω–æ–∫–∏ :kiss:,ChwKGkNJamJ6SXpDMVlNREZhb24xZ0FkdExVTnpB,text_message,1704982320779004
add_chat_item,,,,,,,,,,,,UCAIJfJElQU3hvjsuVmxhoVg,source,https://yt4.ggpht.com/lGyukMPlhCDDVcbJLlwM8tJLL_Na1H2-RHquaIQ74ZJTD53b7V7HNZd6BXnh7Tw-z0b5VZJjHw,32,32x32,https://yt4.ggpht.com/lGyukMPlhCDDVcbJLlwM8tJLL_Na1H2-RHquaIQ74ZJTD53b7V7HNZd6BXnh7Tw-z0b5VZJjHw=s32-c-k-c0x00ffffff-no-rj,32,64,64x64,https://yt4.ggpht.com/lGyukMPlhCDDVcbJLlwM8tJLL_Na1H2-RHquaIQ74ZJTD53b7V7HNZd6BXnh7Tw-z0b5VZJjHw=s64-c-k-c0x00ffffff-no-rj,64,ben,,,,,,,,,,,,,,,,,,,,,,,,,,,,,,,,,,,,,,,,,,,,,,,,,,,,,,,,,,,,,,,,,,Khyati Tiwari yeah yeah yeah,ChwKGkNPVFkzWTNDMVlNREZUakJ3Z1FkRlVBQjl3,text_message,1704982323146118
add_chat_item,,,,,,,,,,,,UCvkT-KUWZYInpZXVKK8QxUg,source,https://yt4.ggpht.com/824ys14utEUwY4k7t1eWIfeuOKf-MZAKCxjsFmEN3RlAnlyGR-hkXKrP3hpOYQGHEGvBsjfWxA,32,32x32,https://yt4.ggpht.com/824ys14utEUwY4k7t1eWIfeuOKf-MZAKCxjsFmEN3RlAnlyGR-hkXKrP3hpOYQGHEGvBsjfWxA=s32-c-k-c0x00ffffff-no-rj,32,64,64x64,https://yt4.ggpht.com/824ys14utEUwY4k7t1eWIfeuOKf-MZAKCxjsFmEN3RlAnlyGR-hkXKrP3hpOYQGHEGvBsjfWxA=s64-c-k-c0x00ffffff-no-rj,64,–î–∞–Ω–∏—è–ª,,,,,,,,,,,,,,,,,,,,,,,,,,,,,,,,,,,,,,,,,,,,,,,,,,,,,,,,,,,,,,,,,,"Mojact, —Ö–æ—Ä–æ—à–æ, —á—Ç–æ —è –≤ —Å–µ–º—å–µ –±–∏–∑–Ω–µ—Å–º–µ–Ω–∞ —Ä–æ–¥–∏–ª—Å—è, –¥–µ–Ω—å–≥–∏-–Ω–µ –ø—Ä–æ–±–ª–µ–º–∞. –ó–Ω–∞–µ—à—å, —è –≤—Å—ë —ç—Ç–æ —Ç–æ–∂–µ –∑–Ω–∞—é",ChwKGkNPS1A3bzNDMVlNREZWZ3YxZ0FkWWZNRG1B,text_message,1704982323381618
add_chat_item,source,https://yt3.ggpht.com/uSJXtUUpynW5hG4rZO02pgZhZb_cfroVgzf5aK9vJTGsCJFjGNVfebZiSqnSUrXuBZH2W5LE,16,16x16,https://yt3.ggpht.com/uSJXtUUpynW5hG4rZO02pgZhZb_cfroVgzf5aK9vJTGsCJFjGNVfebZiSqnSUrXuBZH2W5LE=s16-c-k,16,32,32x32,https://yt3.ggpht.com/uSJXtUUpynW5hG4rZO02pgZhZb_cfroVgzf5aK9vJTGsCJFjGNVfebZiSqnSUrXuBZH2W5LE=s32-c-k,32,Member (2 months),UC8BHfaoAzbMypP65Y0OYzxA,source,https://yt4.ggpht.com/-Gc3moMvXs9lguiCNsScZCqL11NQvh-1qV3ufLs-4vwh3pC3Dh_1WeFZX4T9RiPrzdRCesA1nQ,32,32x32,https://yt4.ggpht.com/-Gc3moMvXs9lguiCNsScZCqL11NQvh-1qV3ufLs-4vwh3pC3Dh_1WeFZX4T9RiPrzdRCesA1nQ=s32-c-k-c0x00ffffff-no-rj,32,64,64x64,https://yt4.ggpht.com/-Gc3moMvXs9lguiCNsScZCqL11NQvh-1qV3ufLs-4vwh3pC3Dh_1WeFZX4T9RiPrzdRCesA1nQ=s64-c-k-c0x00ffffff-no-rj,64,Titan,,,,,,,,,,,,,,,,,,,,,,,,,,,,,,,,,,,,,,,,,,,,,,,,,,,,,,,,,,,,,,,,,,Yashasvi Singh mujhe to nhi aaya kisi pe pata nhi kis bare me kah rhe,ChwKGkNNQ19oWTdDMVlNREZSM0J3Z1FkS09VTDN3,text_message,1704982323812327
add_chat_item,,,,,,,,,,,,UCWKHaKBaAeAcpew-tyzFC6A,source,https://yt4.ggpht.com/-AihpPx0MWA2ZAc06P5hM7-SJdXeUGa9Xsxx0q5JPHI1hELRm_aPxljws-2KKiOc4bWUU5UB2_0,32,32x32,https://yt4.ggpht.com/-AihpPx0MWA2ZAc06P5hM7-SJdXeUGa9Xsxx0q5JPHI1hELRm_aPxljws-2KKiOc4bWUU5UB2_0=s32-c-k-c0x00ffffff-no-rj,32,64,64x64,https://yt4.ggpht.com/-AihpPx0MWA2ZAc06P5hM7-SJdXeUGa9Xsxx0q5JPHI1hELRm_aPxljws-2KKiOc4bWUU5UB2_0=s64-c-k-c0x00ffffff-no-rj,64,Mr Prkp,,,,,,,,,,,,,,,,,,,,,,,,,,,,,,,,,,,,,,,,,,,,,,,,,,,,,,,,,,,,,,,,,,@Khyati Tiwari hii,ChwKGkNJeUJtb19DMVlNREZkSFR3Z1Fka05rTzlR,text_message,1704982326259235
add_chat_item,,,,,,,,,,,,UCh8s4p45k-gsWObmWw9t79A,source,https://yt4.ggpht.com/Kj2j-s72bi9JrFV0ThIbUeYClUgDcLSnYIv06RJdDIWNIhf8Q1R-_7VZxeFms0_lQcVZ74V7MQ,32,32x32,https://yt4.ggpht.com/Kj2j-s72bi9JrFV0ThIbUeYClUgDcLSnYIv06RJdDIWNIhf8Q1R-_7VZxeFms0_lQcVZ74V7MQ=s32-c-k-c0x00ffffff-no-rj,32,64,64x64,https://yt4.ggpht.com/Kj2j-s72bi9JrFV0ThIbUeYClUgDcLSnYIv06RJdDIWNIhf8Q1R-_7VZxeFms0_lQcVZ74V7MQ=s64-c-k-c0x00ffffff-no-rj,64,Prime,,,,,,,,,,,,,,,,,,,,,,,,,,,,,,,,,,,,,,,,,,,,,,,,,,,,,,,,,,,,,,,,,,"@Fahim I do agree, Like I play football everyday 2-3 hours.. and then if I had time then I do gaming on night",ChwKGkNNcTJ0SV9DMVlNREZRQVRyUVlkMjk0RjlR,text_message,1704982326675637
add_chat_item,,,,,,,,,,,,UC0dbRD19qOc8m8mHHpW4cuw,source,https://yt4.ggpht.com/iuJYst27DvlFaJydAwS80t1BSUmXf7w742WPAXVBqEw6i4ZDdNkQk03WdGx_D__B_BYFcMjH-g,32,32x32,https://yt4.ggpht.com/iuJYst27DvlFaJydAwS80t1BSUmXf7w742WPAXVBqEw6i4ZDdNkQk03WdGx_D__B_BYFcMjH-g=s32-c-k-c0x00ffffff-no-rj,32,64,64x64,https://yt4.ggpht.com/iuJYst27DvlFaJydAwS80t1BSUmXf7w742WPAXVBqEw6i4ZDdNkQk03WdGx_D__B_BYFcMjH-g=s64-c-k-c0x00ffffff-no-rj,64,cutiee,,,,,,,,,,,,,,,,,,,,,,,,,,,,,,,,,,,,,,,,,,,,,,,,,,,,,,,,,,,,,,,,,,i dont have ig bro....,ChwKGkNOaUY1SV9DMVlNREZTRV9yUVlkVENzUHhR,text_message,1704982327456673
add_chat_item,,,,,,,,,,,,UCBW1GVCzerQsv30d4ehaZww,source,https://yt4.ggpht.com/I-Ud6pMBWPRsFIcypv0eVHqz6Eb953gefJdd07zR50oBJpvfEalnE-S67B06sBQCho4FtII_Sg,32,32x32,https://yt4.ggpht.com/I-Ud6pMBWPRsFIcypv0eVHqz6Eb953gefJdd07zR50oBJpvfEalnE-S67B06sBQCho4FtII_Sg=s32-c-k-c0x00ffffff-no-rj,32,64,64x64,https://yt4.ggpht.com/I-Ud6pMBWPRsFIcypv0eVHqz6Eb953gefJdd07zR50oBJpvfEalnE-S67B06sBQCho4FtII_Sg=s64-c-k-c0x00ffffff-no-rj,64,Gar√¨ma,,,,,,,,,,,,,,,,,,,,,,,,,,,,,,,,,,,,,,,,,,,,,,,,,,,,,,,,,,,,,,,,,,ye ladki hone ki acting kar rhae hai,ChwKGkNPZmN4cERDMVlNREZmdkR3Z1FkWmd3RHhR,text_message,1704982329082363
add_chat_item,source,https://yt3.ggpht.com/uSJXtUUpynW5hG4rZO02pgZhZb_cfroVgzf5aK9vJTGsCJFjGNVfebZiSqnSUrXuBZH2W5LE,16,16x16,https://yt3.ggpht.com/uSJXtUUpynW5hG4rZO02pgZhZb_cfroVgzf5aK9vJTGsCJFjGNVfebZiSqnSUrXuBZH2W5LE=s16-c-k,16,32,32x32,https://yt3.ggpht.com/uSJXtUUpynW5hG4rZO02pgZhZb_cfroVgzf5aK9vJTGsCJFjGNVfebZiSqnSUrXuBZH2W5LE=s32-c-k,32,Member (2 months),UC8BHfaoAzbMypP65Y0OYzxA,source,https://yt4.ggpht.com/-Gc3moMvXs9lguiCNsScZCqL11NQvh-1qV3ufLs-4vwh3pC3Dh_1WeFZX4T9RiPrzdRCesA1nQ,32,32x32,https://yt4.ggpht.com/-Gc3moMvXs9lguiCNsScZCqL11NQvh-1qV3ufLs-4vwh3pC3Dh_1WeFZX4T9RiPrzdRCesA1nQ=s32-c-k-c0x00ffffff-no-rj,32,64,64x64,https://yt4.ggpht.com/-Gc3moMvXs9lguiCNsScZCqL11NQvh-1qV3ufLs-4vwh3pC3Dh_1WeFZX4T9RiPrzdRCesA1nQ=s64-c-k-c0x00ffffff-no-rj,64,Titan,üé∂,source,https://www.youtube.com/s/gaming/emoji/0f0cae22/emoji_u1f3b6.svg,,,https://www.youtube.com/s/gaming/emoji/0f0cae22/emoji_u1f3b6.svg,,,,,,False,:musical_notes:,musical,notes,,,,:musical_notes:,:notes:,,,UCSJ4gkVC6NrvII8umztf0Ow/I-P3YJTXG4il1wLTxId4,source,https://yt3.ggpht.com/Ut6m2WfMLi4KlDo-4fJhM8zuHn2AnedIzRpQ3f_1ppevsrRlOGy7Um_I5Xzf02LRMPYvdmb_Lw,24,24x24,https://yt3.ggpht.com/Ut6m2WfMLi4KlDo-4fJhM8zuHn2AnedIzRpQ3f_1ppevsrRlOGy7Um_I5Xzf02LRMPYvdmb_Lw=w24-h24-c-k-nd,24,48,48x48,https://yt3.ggpht.com/Ut6m2WfMLi4KlDo-4fJhM8zuHn2AnedIzRpQ3f_1ppevsrRlOGy7Um_I5Xzf02LRMPYvdmb_Lw=w48-h48-c-k-nd,48,True,:_lofiLofisleep:,_lofiLofisleep,lofiLofisleep,_lofisleep,lofisleep,,:_lofiLofisleep:,:lofiLofisleep:,:_lofisleep:,:lofisleep:,,,,,,,,,,,,,,,,,,,,,,:musical_notes::_lofiLofisleep:,ChwKGkNPUC0ySkhDMVlNREZUakJ3Z1FkRlVBQjl3,text_message,1704982331465324
add_chat_item,,,,,,,,,,,,UCF74QNXk67GGDtV8BxdsDGg,source,https://yt4.ggpht.com/wV9SRsGhfgqO3nvkQJzKEdBvqDunX_Lrh6rNjWCUIpk7imX9u1Fqe0wEBj0cLGE4PeynoYOHRQ,32,32x32,https://yt4.ggpht.com/wV9SRsGhfgqO3nvkQJzKEdBvqDunX_Lrh6rNjWCUIpk7imX9u1Fqe0wEBj0cLGE4PeynoYOHRQ=s32-c-k-c0x00ffffff-no-rj,32,64,64x64,https://yt4.ggpht.com/wV9SRsGhfgqO3nvkQJzKEdBvqDunX_Lrh6rNjWCUIpk7imX9u1Fqe0wEBj0cLGE4PeynoYOHRQ=s64-c-k-c0x00ffffff-no-rj,64,Kazama,,,,,,,,,,,,,,,,,,,,,,,,,,,,,,,,,,,,,,,,,,,,,,,,,,,,,,,,,,,,,,,,,,@monke Assam,ChwKGkNNLTZxSkxDMVlNREZWRER3Z1FkeVpJSmp3,text_message,1704982332767935
add_chat_item,,,,,,,,,,,,UCDGqVMvwb3h9-a2pBsHhS3Q,source,https://yt4.ggpht.com/ytc/AIf8zZRoOEh4EulAwl2n9MmImgEORt1OMh3voteK2o8OcoSayUFX28cUA9eXRLiNbniK,32,32x32,https://yt4.ggpht.com/ytc/AIf8zZRoOEh4EulAwl2n9MmImgEORt1OMh3voteK2o8OcoSayUFX28cUA9eXRLiNbniK=s32-c-k-c0x00ffffff-no-rj,32,64,64x64,https://yt4.ggpht.com/ytc/AIf8zZRoOEh4EulAwl2n9MmImgEORt1OMh3voteK2o8OcoSayUFX28cUA9eXRLiNbniK=s64-c-k-c0x00ffffff-no-rj,64,Bobby Ba,üíÄ,source,https://www.youtube.com/s/gaming/emoji/0f0cae22/emoji_u1f480.svg,,,https://www.youtube.com/s/gaming/emoji/0f0cae22/emoji_u1f480.svg,,,,,,False,:skull:,skull,,,,,:skull:,,,,,,,,,,,,,,,,,,,,,,,,,,,,,,,,,,,,,,,,,,,,,,,impressed :skull:,ChwKGkNMLTl1WkxDMVlNREZja0sxZ0FkQk1vQjFB,text_message,1704982333009737
add_chat_item,,,,,,,,,,,,UCm2AwYCLrjeDMdMeZFXzQSQ,source,https://yt4.ggpht.com/vJ1cos_SXPNk2JgskM0CFqOyydgznKtPxHMZGuZ9pj6YMqieskQG3YteDgBjnafSO-RM8ZPB5w,32,32x32,https://yt4.ggpht.com/vJ1cos_SXPNk2JgskM0CFqOyydgznKtPxHMZGuZ9pj6YMqieskQG3YteDgBjnafSO-RM8ZPB5w=s32-c-k-c0x00ffffff-no-rj,32,64,64x64,https://yt4.ggpht.com/vJ1cos_SXPNk2JgskM0CFqOyydgznKtPxHMZGuZ9pj6YMqieskQG3YteDgBjnafSO-RM8ZPB5w=s64-c-k-c0x00ffffff-no-rj,64,TaNyA,,,,,,,,,,,,,,,,,,,,,,,,,,,,,,,,,,,,,,,,,,,,,,,,,,,,,,,,,,,,,,,,,,"–¥–∞ , —Ç—ã –ø—Ä–∞–≤ , —Å–æ–≥–ª–∞—Å–Ω–∞ :)",ChwKGkNKMjBoWlBDMVlNREZSY0cxZ0FkS1lzUGNB,text_message,1704982334249856
add_chat_item,,,,,,,,,,,,UCpQvOG-S4aj6auE7xMBgaGQ,source,https://yt4.ggpht.com/pJzIcFm1I0kEYV7xgvq5AcBR6TL1gX-F4AHToS488uCNNnOJrkDZi8UT86Deivb4v6A7TfiO,32,32x32,https://yt4.ggpht.com/pJzIcFm1I0kEYV7xgvq5AcBR6TL1gX-F4AHToS488uCNNnOJrkDZi8UT86Deivb4v6A7TfiO=s32-c-k-c0x00ffffff-no-rj,32,64,64x64,https://yt4.ggpht.com/pJzIcFm1I0kEYV7xgvq5AcBR6TL1gX-F4AHToS488uCNNnOJrkDZi8UT86Deivb4v6A7TfiO=s64-c-k-c0x00ffffff-no-rj,64,Fahim,üòå,source,https://www.youtube.com/s/gaming/emoji/0f0cae22/emoji_u1f60c.svg,,,https://www.youtube.com/s/gaming/emoji/0f0cae22/emoji_u1f60c.svg,,,,,,False,:relieved_face:,relieved,face,,,,:relieved_face:,:relieved:,,,,,,,,,,,,,,,,,,,,,,,,,,,,,,,,,,,,,,,,,,,,,,@Prime lemme on my teleport ability:relieved_face:,ChwKGkNKZXhxSlBDMVlNREZTRV9yUVlkVENzUHhR,text_message,1704982334872155
add_chat_item,,,,,,,,,,,,UCR1Jvukh7AW6f4SmizNVFWA,source,https://yt4.ggpht.com/mNwzH7IkZKs5eLm4nJ7ugPHrSH3ZMeGVyDjZxlrrvr-hP9IjHFhyAJ2s908b493788vPHf-mkh0,32,32x32,https://yt4.ggpht.com/mNwzH7IkZKs5eLm4nJ7ugPHrSH3ZMeGVyDjZxlrrvr-hP9IjHFhyAJ2s908b493788vPHf-mkh0=s32-c-k-c0x00ffffff-no-rj,32,64,64x64,https://yt4.ggpht.com/mNwzH7IkZKs5eLm4nJ7ugPHrSH3ZMeGVyDjZxlrrvr-hP9IjHFhyAJ2s908b493788vPHf-mkh0=s64-c-k-c0x00ffffff-no-rj,64,Rahil,,,,,,,,,,,,,,,,,,,,,,,,,,,,,,,,,,,,,,,,,,,,,,,,,,,,,,,,,,,,,,,,,,@bhumika I‚Äôm also turning 17 this year,ChwKGkNQemxzWlRDMVlNREZUdlN3Z1FkVUk4SExB,text_message,1704982337117524
add_chat_item,,,,,,,,,,,,UCt-4jxekG2n7jCUiY3jSZTQ,source,https://yt4.ggpht.com/LBCCuZnxN14LXGBhzTtjs8tS2oxiKEdRU33BCdsMzYlck6YFzud-sDL6Ajb8ew-F_18-X_q6Mw,32,32x32,https://yt4.ggpht.com/LBCCuZnxN14LXGBhzTtjs8tS2oxiKEdRU33BCdsMzYlck6YFzud-sDL6Ajb8ew-F_18-X_q6Mw=s32-c-k-c0x00ffffff-no-rj,32,64,64x64,https://yt4.ggpht.com/LBCCuZnxN14LXGBhzTtjs8tS2oxiKEdRU33BCdsMzYlck6YFzud-sDL6Ajb8ew-F_18-X_q6Mw=s64-c-k-c0x00ffffff-no-rj,64,dzhek drayzer,,,,,,,,,,,,,,,,,,,,,,,,,,,,,,,,,,,,,,,,,,,,,,,,,,,,,,,,,,,,,,,,,,"—è –¥—É–º–∞—é –∏ –Ω–∞ –ø—Ä–∞–∫—Ç–∏–∫–µ, –∏ –∑–Ω–∞–∫–æ–º—Å—Ç–≤–∞ –ø–æ–º–æ–≥—É—Ç",ChwKGkNPbUctWlRDMVlNREZjNG4xZ0FkMmJrT05B,text_message,1704982338239843
add_chat_item,,,,,,,,,,,,UCAIJfJElQU3hvjsuVmxhoVg,source,https://yt4.ggpht.com/lGyukMPlhCDDVcbJLlwM8tJLL_Na1H2-RHquaIQ74ZJTD53b7V7HNZd6BXnh7Tw-z0b5VZJjHw,32,32x32,https://yt4.ggpht.com/lGyukMPlhCDDVcbJLlwM8tJLL_Na1H2-RHquaIQ74ZJTD53b7V7HNZd6BXnh7Tw-z0b5VZJjHw=s32-c-k-c0x00ffffff-no-rj,32,64,64x64,https://yt4.ggpht.com/lGyukMPlhCDDVcbJLlwM8tJLL_Na1H2-RHquaIQ74ZJTD53b7V7HNZd6BXnh7Tw-z0b5VZJjHw=s64-c-k-c0x00ffffff-no-rj,64,ben,,,,,,,,,,,,,,,,,,,,,,,,,,,,,,,,,,,,,,,,,,,,,,,,,,,,,,,,,,,,,,,,,,Khyati Tiwari swadistam ati uttam ati ati,ChwKGkNJcWVpSlhDMVlNREZaVVdyUVlkN0p3T0RR,text_message,1704982338520883
add_chat_item,,,,,,,,,,,,UCI8S7VtOVsxuKBuPDypFpgw,source,https://yt4.ggpht.com/fI_4_43_9tidnV3SM_J6_s6oEoBoIfd5ZtCahcWMcJpMj7GH_YCJAr8d3zz2iQy9LUqLf8fig8o,32,32x32,https://yt4.ggpht.com/fI_4_43_9tidnV3SM_J6_s6oEoBoIfd5ZtCahcWMcJpMj7GH_YCJAr8d3zz2iQy9LUqLf8fig8o=s32-c-k-c0x00ffffff-no-rj,32,64,64x64,https://yt4.ggpht.com/fI_4_43_9tidnV3SM_J6_s6oEoBoIfd5ZtCahcWMcJpMj7GH_YCJAr8d3zz2iQy9LUqLf8fig8o=s64-c-k-c0x00ffffff-no-rj,64,MyRa,,,,,,,,,,,,,,,,,,,,,,,,,,,,,,,,,,,,,,,,,,,,,,,,,,,,,,,,,,,,,,,,,,Asalamulykum,ChwKGkNJQy1xSlhDMVlNREZYWEJ3Z1FkQ2s0TEp3,text_message,1704982339071734
add_chat_item,,,,,,,,,,,,UCVf7ent0EPLq04aYA9mMD-A,source,https://yt4.ggpht.com/ytc/AIf8zZSVZGCLWRaN8mCd4AYCcijWCSmqXFyUWlyjli_pj0IbmNk8EsPqAJci82ODcxch,32,32x32,https://yt4.ggpht.com/ytc/AIf8zZSVZGCLWRaN8mCd4AYCcijWCSmqXFyUWlyjli_pj0IbmNk8EsPqAJci82ODcxch=s32-c-k-c0x00ffffff-no-rj,32,64,64x64,https://yt4.ggpht.com/ytc/AIf8zZSVZGCLWRaN8mCd4AYCcijWCSmqXFyUWlyjli_pj0IbmNk8EsPqAJci82ODcxch=s64-c-k-c0x00ffffff-no-rj,64,Rose Khan,,,,,,,,,,,,,,,,,,,,,,,,,,,,,,,,,,,,,,,,,,,,,,,,,,,,,,,,,,,,,,,,,,mr..prk yaa I have,ChwKGkNMZmRySlhDMVlNREZTM0R3Z1FkOWtvSldB,text_message,1704982339148803
add_chat_item,,,,,,,,,,,,UCvkT-KUWZYInpZXVKK8QxUg,source,https://yt4.ggpht.com/824ys14utEUwY4k7t1eWIfeuOKf-MZAKCxjsFmEN3RlAnlyGR-hkXKrP3hpOYQGHEGvBsjfWxA,32,32x32,https://yt4.ggpht.com/824ys14utEUwY4k7t1eWIfeuOKf-MZAKCxjsFmEN3RlAnlyGR-hkXKrP3hpOYQGHEGvBsjfWxA=s32-c-k-c0x00ffffff-no-rj,32,64,64x64,https://yt4.ggpht.com/824ys14utEUwY4k7t1eWIfeuOKf-MZAKCxjsFmEN3RlAnlyGR-hkXKrP3hpOYQGHEGvBsjfWxA=s64-c-k-c0x00ffffff-no-rj,64,–î–∞–Ω–∏—è–ª,,,,,,,,,,,,,,,,,,,,,,,,,,,,,,,,,,,,,,,,,,,,,,,,,,,,,,,,,,,,,,,,,,"Mojact, –∏ –±—É–¥—É —É–∑–Ω–∞–≤–∞—Ç—å, –≤—Å—ë-—Ç–∞–∫–∏ –Ω–µ —Å–µ–≥–æ–¥–Ω—è –µ—Ö–∞—Ç—å)",ChwKGkNQLXIzNWJDMVlNREZja0sxZ0FkQk1vQjFB,text_message,1704982342014375
add_chat_item,,,,,,,,,,,,UCR1Jvukh7AW6f4SmizNVFWA,source,https://yt4.ggpht.com/mNwzH7IkZKs5eLm4nJ7ugPHrSH3ZMeGVyDjZxlrrvr-hP9IjHFhyAJ2s908b493788vPHf-mkh0,32,32x32,https://yt4.ggpht.com/mNwzH7IkZKs5eLm4nJ7ugPHrSH3ZMeGVyDjZxlrrvr-hP9IjHFhyAJ2s908b493788vPHf-mkh0=s32-c-k-c0x00ffffff-no-rj,32,64,64x64,https://yt4.ggpht.com/mNwzH7IkZKs5eLm4nJ7ugPHrSH3ZMeGVyDjZxlrrvr-hP9IjHFhyAJ2s908b493788vPHf-mkh0=s64-c-k-c0x00ffffff-no-rj,64,Rahil,,,,,,,,,,,,,,,,,,,,,,,,,,,,,,,,,,,,,,,,,,,,,,,,,,,,,,,,,,,,,,,,,,Chat Ronaldo or messi?,ChwKGkNKaWQtcGZDMVlNREZiTWVyUVlkMlprUDNB,text_message,1704982344578565
add_chat_item,,,,,,,,,,,,UCDGqVMvwb3h9-a2pBsHhS3Q,source,https://yt4.ggpht.com/ytc/AIf8zZRoOEh4EulAwl2n9MmImgEORt1OMh3voteK2o8OcoSayUFX28cUA9eXRLiNbniK,32,32x32,https://yt4.ggpht.com/ytc/AIf8zZRoOEh4EulAwl2n9MmImgEORt1OMh3voteK2o8OcoSayUFX28cUA9eXRLiNbniK=s32-c-k-c0x00ffffff-no-rj,32,64,64x64,https://yt4.ggpht.com/ytc/AIf8zZRoOEh4EulAwl2n9MmImgEORt1OMh3voteK2o8OcoSayUFX28cUA9eXRLiNbniK=s64-c-k-c0x00ffffff-no-rj,64,Bobby Ba,ü§£,source,https://www.youtube.com/s/gaming/emoji/0f0cae22/emoji_u1f923.svg,,,https://www.youtube.com/s/gaming/emoji/0f0cae22/emoji_u1f923.svg,,,,,,False,:rolling_on_the_floor_laughing:,rolling,on,the,floor,laughing,:rolling_on_the_floor_laughing:,,,,,,,,,,,,,,,,,,,,,,,,,,,,,,,,,,,,,,,,,,,,,,,:rolling_on_the_floor_laughing:help me,ChwKGkNOM1AtSmpDMVlNREZRMEkxZ0FkU1JNSHNn,text_message,1704982346621448
add_chat_item,,,,,,,,,,,,UC-MplG_I0tJrMEZOK83orvQ,source,https://yt4.ggpht.com/ytc/AIf8zZRiT5PVVJJbyeebkqx_DCqmV7fmmVor412nBYegLA,32,32x32,https://yt4.ggpht.com/ytc/AIf8zZRiT5PVVJJbyeebkqx_DCqmV7fmmVor412nBYegLA=s32-c-k-c0x00ffffff-no-rj,32,64,64x64,https://yt4.ggpht.com/ytc/AIf8zZRiT5PVVJJbyeebkqx_DCqmV7fmmVor412nBYegLA=s64-c-k-c0x00ffffff-no-rj,64,monke,,,,,,,,,,,,,,,,,,,,,,,,,,,,,,,,,,,,,,,,,,,,,,,,,,,,,,,,,,,,,,,,,,@Kazama ah noice,ChwKGkNMU1kwcHZDMVlNREZkX0J3Z1FkRGprT2ln,text_message,1704982352327543
add_chat_item,,,,,,,,,,,,UC2tZgLOfBt2dvc-MEIkHltQ,source,https://yt4.ggpht.com/y0TpdmjZIFy0PhU1l1l-Myj0NqcF2yhotahTgFwAM-hron4Cj4kt-lAiuwGWagBYKPWkSN9EPA,32,32x32,https://yt4.ggpht.com/y0TpdmjZIFy0PhU1l1l-Myj0NqcF2yhotahTgFwAM-hron4Cj4kt-lAiuwGWagBYKPWkSN9EPA=s32-c-k-c0x00ffffff-no-rj,32,64,64x64,https://yt4.ggpht.com/y0TpdmjZIFy0PhU1l1l-Myj0NqcF2yhotahTgFwAM-hron4Cj4kt-lAiuwGWagBYKPWkSN9EPA=s64-c-k-c0x00ffffff-no-rj,64,Mir ,,,,,,,,,,,,,,,,,,,,,,,,,,,,,,,,,,,,,,,,,,,,,,,,,,,,,,,,,,,,,,,,,,ŸàÿπŸÑ€å⁄©ŸÖ ÿßŸÑÿ≥ŸÑÿßŸÖ,ChwKGkNLTF81cHZDMVlNREZYQUoxZ0Fkck9VSWtn,text_message,1704982352625372
add_chat_item,,,,,,,,,,,,UCpQvOG-S4aj6auE7xMBgaGQ,source,https://yt4.ggpht.com/pJzIcFm1I0kEYV7xgvq5AcBR6TL1gX-F4AHToS488uCNNnOJrkDZi8UT86Deivb4v6A7TfiO,32,32x32,https://yt4.ggpht.com/pJzIcFm1I0kEYV7xgvq5AcBR6TL1gX-F4AHToS488uCNNnOJrkDZi8UT86Deivb4v6A7TfiO=s32-c-k-c0x00ffffff-no-rj,32,64,64x64,https://yt4.ggpht.com/pJzIcFm1I0kEYV7xgvq5AcBR6TL1gX-F4AHToS488uCNNnOJrkDZi8UT86Deivb4v6A7TfiO=s64-c-k-c0x00ffffff-no-rj,64,Fahim,,,,,,,,,,,,,,,,,,,,,,,,,,,,,,,,,,,,,,,,,,,,,,,,,,,,,,,,,,,,,,,,,,@Prime it‚Äôs good for the health too,ChwKGkNKelZucHpDMVlNREZVVEJ3Z1FkLWRvTnBR,text_message,1704982353587935
add_chat_item,,,,,,,,,,,,UCwv5rG15HpWQMnHXi0BSZ6Q,source,https://yt4.ggpht.com/ytc/AIf8zZTBJ0ROusYARh5COYDq0xIxA-sZujHgsHOPmr57xQ,32,32x32,https://yt4.ggpht.com/ytc/AIf8zZTBJ0ROusYARh5COYDq0xIxA-sZujHgsHOPmr57xQ=s32-c-k-c0x00ffffff-no-rj,32,64,64x64,https://yt4.ggpht.com/ytc/AIf8zZTBJ0ROusYARh5COYDq0xIxA-sZujHgsHOPmr57xQ=s64-c-k-c0x00ffffff-no-rj,64,Mojact,,,,,,,,,,,,,,,,,,,,,,,,,,,,,,,,,,,,,,,,,,,,,,,,,,,,,,,,,,,,,,,,,,"@dzhek drayzer ( –µ—Å–ª–∏ –Ω–µ –∑–∞–º–µ—Ç–∏–ª–∞ –≤–¥—Ä—É–≥, –º–Ω–µ 19) –Ø –∑–∞ –≤—Å–µ –≤—ã—Ö–æ–¥–Ω—ã–µ —Ç–æ–ª—å–∫–æ –Ω–µ—Å–∫–æ–ª—å–∫–æ —Ä–∞–∑ –≤—ã—à–µ–ª –∏–∑ —Ö–∞—Ç—ã",ChwKGkNJTGlucHpDMVlNREZmQUkxZ0FkMzcwSk9n,text_message,1704982353541758
add_chat_item,,,,,,,,,,,,UCQg1kj9YE85TkHjw8Scdr8Q,source,https://yt4.ggpht.com/CKz5yEan9RnZCUzPpOJgQJGv6cEa96LAgqTH87QTtJPYLhKYCauB0ICVbTQUwV7wjCnUUmDzPQ,32,32x32,https://yt4.ggpht.com/CKz5yEan9RnZCUzPpOJgQJGv6cEa96LAgqTH87QTtJPYLhKYCauB0ICVbTQUwV7wjCnUUmDzPQ=s32-c-k-c0x00ffffff-no-rj,32,64,64x64,https://yt4.ggpht.com/CKz5yEan9RnZCUzPpOJgQJGv6cEa96LAgqTH87QTtJPYLhKYCauB0ICVbTQUwV7wjCnUUmDzPQ=s64-c-k-c0x00ffffff-no-rj,64,YourMrinali,UCkszU2WH9gy1mb0dV-11UJg/oPgfY_DoKfSXkNAPq8-AgAo,source,https://yt3.ggpht.com/H2HNPRO8f4SjMmPNh5fl10okSETW7dLTZtuE4jh9D6pSmaUiLfoZJ2oiY-qWU3Owfm1IsXg,24,24x24,https://yt3.ggpht.com/H2HNPRO8f4SjMmPNh5fl10okSETW7dLTZtuE4jh9D6pSmaUiLfoZJ2oiY-qWU3Owfm1IsXg=w24-h24-c-k-nd,24,48,48x48,https://yt3.ggpht.com/H2HNPRO8f4SjMmPNh5fl10okSETW7dLTZtuE4jh9D6pSmaUiLfoZJ2oiY-qWU3Owfm1IsXg=w48-h48-c-k-nd,48,True,:face-turquoise-covering-eyes:,face-turquoise-covering-eyes,,,,,:face-turquoise-covering-eyes:,,,,,,,,,,,,,,,,,,,,,,,,,,,,,,,,,,,,,,,,,,,,,,,anyone from assam here??:face-turquoise-covering-eyes:,ChwKGkNLU3FsSjNDMVlNREZUdlN3Z1FkVUk4SExB,text_message,1704982355511649
add_chat_item,,,,,,,,,,,,UCKVALBsE2tJK4uLdukVwX_g,source,https://yt4.ggpht.com/0qUM7Zi3go8LYjfA4Z9ww3ISCaPa6bM_8u4qyRqMSetBmKq-2jYyER7aH1XGGdKIkXFc_RFUog,32,32x32,https://yt4.ggpht.com/0qUM7Zi3go8LYjfA4Z9ww3ISCaPa6bM_8u4qyRqMSetBmKq-2jYyER7aH1XGGdKIkXFc_RFUog=s32-c-k-c0x00ffffff-no-rj,32,64,64x64,https://yt4.ggpht.com/0qUM7Zi3go8LYjfA4Z9ww3ISCaPa6bM_8u4qyRqMSetBmKq-2jYyER7aH1XGGdKIkXFc_RFUog=s64-c-k-c0x00ffffff-no-rj,64,Dimpal Mali official ,üò¥,source,https://www.youtube.com/s/gaming/emoji/0f0cae22/emoji_u1f634.svg,,,https://www.youtube.com/s/gaming/emoji/0f0cae22/emoji_u1f634.svg,,,,,,False,:sleeping_face:,sleeping,face,,,,:sleeping_face:,:sleeping:,,,,,,,,,,,,,,,,,,,,,,,,,,,,,,,,,,,,,,,,,,,,,,@karan itka boaring subject :sleeping_face:,ChwKGkNQWHUwSjNDMVlNREZmUEN3Z1FkemlVTVdR,text_message,1704982356503932
add_chat_item,,,,,,,,,,,,UCjyNMRSrIWwZF0NDU-CI7ZA,source,https://yt4.ggpht.com/ytc/AIf8zZRD_B8CuAO4OP0vEhuFCPvJ9f5EDIeh8sX8MbutAZU,32,32x32,https://yt4.ggpht.com/ytc/AIf8zZRD_B8CuAO4OP0vEhuFCPvJ9f5EDIeh8sX8MbutAZU=s32-c-k-c0x00ffffff-no-rj,32,64,64x64,https://yt4.ggpht.com/ytc/AIf8zZRD_B8CuAO4OP0vEhuFCPvJ9f5EDIeh8sX8MbutAZU=s64-c-k-c0x00ffffff-no-rj,64,Thiago Oliveira,,,,,,,,,,,,,,,,,,,,,,,,,,,,,,,,,,,,,,,,,,,,,,,,,,,,,,,,,,,,,,,,,, do you like lula or bolsonaro in brazil?,ChwKGkNJcnczNTNDMVlNREZmdkR3Z1FkWmd3RHhR,text_message,1704982356763479
add_chat_item,,,,,,,,,,,,UCBW1GVCzerQsv30d4ehaZww,source,https://yt4.ggpht.com/I-Ud6pMBWPRsFIcypv0eVHqz6Eb953gefJdd07zR50oBJpvfEalnE-S67B06sBQCho4FtII_Sg,32,32x32,https://yt4.ggpht.com/I-Ud6pMBWPRsFIcypv0eVHqz6Eb953gefJdd07zR50oBJpvfEalnE-S67B06sBQCho4FtII_Sg=s32-c-k-c0x00ffffff-no-rj,32,64,64x64,https://yt4.ggpht.com/I-Ud6pMBWPRsFIcypv0eVHqz6Eb953gefJdd07zR50oBJpvfEalnE-S67B06sBQCho4FtII_Sg=s64-c-k-c0x00ffffff-no-rj,64,Gar√¨ma,UCkszU2WH9gy1mb0dV-11UJg/Ym5IY7-0LoqA29sPq9CAkAY,source,https://yt3.ggpht.com/MJV1k3J5s0hcUfuo78Y6MKi-apDY5NVDjO9Q7hL8fU4i0cIBgU-cU4rq4sHessJuvuGpDOjJ,24,24x24,https://yt3.ggpht.com/MJV1k3J5s0hcUfuo78Y6MKi-apDY5NVDjO9Q7hL8fU4i0cIBgU-cU4rq4sHessJuvuGpDOjJ=w24-h24-c-k-nd,24,48,48x48,https://yt3.ggpht.com/MJV1k3J5s0hcUfuo78Y6MKi-apDY5NVDjO9Q7hL8fU4i0cIBgU-cU4rq4sHessJuvuGpDOjJ=w48-h48-c-k-nd,48,True,:face-purple-smiling-tears:,face-purple-smiling-tears,,,,,:face-purple-smiling-tears:,,,,,,,,,,,,,,,,,,,,,,,,,,,,,,,,,,,,,,,,,,,,,,,Me yha q hu abhi tak:face-purple-smiling-tears:,ChwKGkNNcTlyWjdDMVlNREZSdkR3Z1FkdTBrUGxB,text_message,1704982358022900
add_chat_item,,,,,,,,,,,,UC7OFPMvAcerTglcRjjL5ObA,source,https://yt4.ggpht.com/VDO70Tz5MbZwP0EA5sI-xeeXMGP6plkhPAP--BS3F-XO2WjlmKUyhayCuMg3IargmdawEupynL0,32,32x32,https://yt4.ggpht.com/VDO70Tz5MbZwP0EA5sI-xeeXMGP6plkhPAP--BS3F-XO2WjlmKUyhayCuMg3IargmdawEupynL0=s32-c-k-c0x00ffffff-no-rj,32,64,64x64,https://yt4.ggpht.com/VDO70Tz5MbZwP0EA5sI-xeeXMGP6plkhPAP--BS3F-XO2WjlmKUyhayCuMg3IargmdawEupynL0=s64-c-k-c0x00ffffff-no-rj,64,Rum,,,,,,,,,,,,,,,,,,,,,,,,,,,,,,,,,,,,,,,,,,,,,,,,,,,,,,,,,,,,,,,,,,Mir my English is bad ha ham,ChwKGkNLU2w0SjdDMVlNREZlOEsxZ0FkQVlrSXpB,text_message,1704982358808741
add_chat_item,,,,,,,,,,,,UCWKHaKBaAeAcpew-tyzFC6A,source,https://yt4.ggpht.com/-AihpPx0MWA2ZAc06P5hM7-SJdXeUGa9Xsxx0q5JPHI1hELRm_aPxljws-2KKiOc4bWUU5UB2_0,32,32x32,https://yt4.ggpht.com/-AihpPx0MWA2ZAc06P5hM7-SJdXeUGa9Xsxx0q5JPHI1hELRm_aPxljws-2KKiOc4bWUU5UB2_0=s32-c-k-c0x00ffffff-no-rj,32,64,64x64,https://yt4.ggpht.com/-AihpPx0MWA2ZAc06P5hM7-SJdXeUGa9Xsxx0q5JPHI1hELRm_aPxljws-2KKiOc4bWUU5UB2_0=s64-c-k-c0x00ffffff-no-rj,64,Mr Prkp,,,,,,,,,,,,,,,,,,,,,,,,,,,,,,,,,,,,,,,,,,,,,,,,,,,,,,,,,,,,,,,,,,@MyRa can you have instagram ?,ChwKGkNNZmx6cDdDMVlNREZaWEN3Z1FkclpvR3dR,text_message,1704982358573695
add_chat_item,,,,,,,,,,,,UC2tZgLOfBt2dvc-MEIkHltQ,source,https://yt4.ggpht.com/y0TpdmjZIFy0PhU1l1l-Myj0NqcF2yhotahTgFwAM-hron4Cj4kt-lAiuwGWagBYKPWkSN9EPA,32,32x32,https://yt4.ggpht.com/y0TpdmjZIFy0PhU1l1l-Myj0NqcF2yhotahTgFwAM-hron4Cj4kt-lAiuwGWagBYKPWkSN9EPA=s32-c-k-c0x00ffffff-no-rj,32,64,64x64,https://yt4.ggpht.com/y0TpdmjZIFy0PhU1l1l-Myj0NqcF2yhotahTgFwAM-hron4Cj4kt-lAiuwGWagBYKPWkSN9EPA=s64-c-k-c0x00ffffff-no-rj,64,Mir ,,,,,,,,,,,,,,,,,,,,,,,,,,,,,,,,,,,,,,,,,,,,,,,,,,,,,,,,,,,,,,,,,,Rum,ChwKGkNKTDAzcDdDMVlNREZUY0sxZ0FkeFJ3Rk1B,text_message,1704982358782947
add_chat_item,,,,,,,,,,,,UCR4pDHLH90QBEwENhgAaDhg,source,https://yt4.ggpht.com/4HqMJ_28BKJFd9MzBhl0IghJc_Es8InknmWBd_qMQ1S224awOtw42gFb8jGof8PAnqcq9hnd,32,32x32,https://yt4.ggpht.com/4HqMJ_28BKJFd9MzBhl0IghJc_Es8InknmWBd_qMQ1S224awOtw42gFb8jGof8PAnqcq9hnd=s32-c-k-c0x00ffffff-no-rj,32,64,64x64,https://yt4.ggpht.com/4HqMJ_28BKJFd9MzBhl0IghJc_Es8InknmWBd_qMQ1S224awOtw42gFb8jGof8PAnqcq9hnd=s64-c-k-c0x00ffffff-no-rj,64,Khyati Tiwari,üòÇ,source,https://www.youtube.com/s/gaming/emoji/0f0cae22/emoji_u1f602.svg,,,https://www.youtube.com/s/gaming/emoji/0f0cae22/emoji_u1f602.svg,,,,,,False,:face_with_tears_of_joy:,face,with,tears,of,joy,:face_with_tears_of_joy:,:joy:,,,,,,,,,,,,,,,,,,,,,,,,,,,,,,,,,,,,,,,,,,,,,,@ben tum gajar kha rhe ho kya ? :face_with_tears_of_joy:,ChwKGkNOZWMycDdDMVlNREZkSFR3Z1Fka05rTzlR,text_message,1704982358746073
add_chat_item,,,,,,,,,,,,UCwQsAB_46jWUK2v0C3uwvsQ,source,https://yt4.ggpht.com/ytc/AIf8zZTYQfut6FGf81dF5T7MCaC2DBCvKba3uGeTNEc-bTENjzrXl9WsgpMkizwqgLS4,32,32x32,https://yt4.ggpht.com/ytc/AIf8zZTYQfut6FGf81dF5T7MCaC2DBCvKba3uGeTNEc-bTENjzrXl9WsgpMkizwqgLS4=s32-c-k-c0x00ffffff-no-rj,32,64,64x64,https://yt4.ggpht.com/ytc/AIf8zZTYQfut6FGf81dF5T7MCaC2DBCvKba3uGeTNEc-bTENjzrXl9WsgpMkizwqgLS4=s64-c-k-c0x00ffffff-no-rj,64,Bhumika,,,,,,,,,,,,,,,,,,,,,,,,,,,,,,,,,,,,,,,,,,,,,,,,,,,,,,,,,,,,,,,,,,@Rahil O okey Preety cool u are in 10th,ChwKGkNNYUJuSl9DMVlNREZWekR3Z1FkLXNjSmtR,text_message,1704982359838360
add_chat_item,,,,,,,,,,,,UCVK-vDJNGpfSI5ztGdmwvtg,source,https://yt4.ggpht.com/ytc/AIf8zZQyoR3TvHOVCDkeY004vZCs_4DfHXmS237ftw,32,32x32,https://yt4.ggpht.com/ytc/AIf8zZQyoR3TvHOVCDkeY004vZCs_4DfHXmS237ftw=s32-c-k-c0x00ffffff-no-rj,32,64,64x64,https://yt4.ggpht.com/ytc/AIf8zZQyoR3TvHOVCDkeY004vZCs_4DfHXmS237ftw=s64-c-k-c0x00ffffff-no-rj,64,Anda Brunclik,UCkszU2WH9gy1mb0dV-11UJg/dv90XtfhAurw8gTgzar4DA,source,https://yt3.ggpht.com/U1TjOZlqtS58NGqQhE8VWDptPSrmJNkrbVRp_8jI4f84QqIGflq2Ibu7YmuOg5MmVYnpevc,24,24x24,https://yt3.ggpht.com/U1TjOZlqtS58NGqQhE8VWDptPSrmJNkrbVRp_8jI4f84QqIGflq2Ibu7YmuOg5MmVYnpevc=w24-h24-c-k-nd,24,48,48x48,https://yt3.ggpht.com/U1TjOZlqtS58NGqQhE8VWDptPSrmJNkrbVRp_8jI4f84QqIGflq2Ibu7YmuOg5MmVYnpevc=w48-h48-c-k-nd,48,True,:virtualhug:,virtualhug,,,,,:virtualhug:,,,,UCkszU2WH9gy1mb0dV-11UJg/uP90Xq6wNYrK8gTUoo3wAg,source,https://yt3.ggpht.com/FizHI5IYMoNql9XeP7TV3E0ffOaNKTUSXbjtJe90e1OUODJfZbWU37VqBbTh-vpyFHlFIS0,24,24x24,https://yt3.ggpht.com/FizHI5IYMoNql9XeP7TV3E0ffOaNKTUSXbjtJe90e1OUODJfZbWU37VqBbTh-vpyFHlFIS0=w24-h24-c-k-nd,24,48,48x48,https://yt3.ggpht.com/FizHI5IYMoNql9XeP7TV3E0ffOaNKTUSXbjtJe90e1OUODJfZbWU37VqBbTh-vpyFHlFIS0=w48-h48-c-k-nd,48,True,:takeout:,takeout,,,,,:takeout:,,,,UCkszU2WH9gy1mb0dV-11UJg/vQF1XpyaG_XG8gTs77bACQ,source,https://yt3.ggpht.com/y03dFcPc1B7CO20zgQYzhcRPka5Bhs6iSg57MaxJdhaLidFvvXBLf_i4_SHG7zJ_2VpBMNs,24,24x24,https://yt3.ggpht.com/y03dFcPc1B7CO20zgQYzhcRPka5Bhs6iSg57MaxJdhaLidFvvXBLf_i4_SHG7zJ_2VpBMNs=w24-h24-c-k-nd,24,48,48x48,https://yt3.ggpht.com/y03dFcPc1B7CO20zgQYzhcRPka5Bhs6iSg57MaxJdhaLidFvvXBLf_i4_SHG7zJ_2VpBMNs=w48-h48-c-k-nd,48,True,:chillwcat:,chillwcat,,,,:chillwcat:,,,,:virtualhug::takeout::chillwcat:,ChwKGkNNbjlvNkhDMVlNREZXWUwxZ0FkX1prRHNn,text_message,1704982364132903
add_chat_item,,,,,,,,,,,,UCQM6p1FYSrBxuCNE7CbKMEQ,source,https://yt4.ggpht.com/YpjlUuT1nIR0VePKx43yP6rKxmCu116_EaqnEiYyRIbQBUwNMpzRMeOF-84o9nP32DVq2EpExQ,32,32x32,https://yt4.ggpht.com/YpjlUuT1nIR0VePKx43yP6rKxmCu116_EaqnEiYyRIbQBUwNMpzRMeOF-84o9nP32DVq2EpExQ=s32-c-k-c0x00ffffff-no-rj,32,64,64x64,https://yt4.ggpht.com/YpjlUuT1nIR0VePKx43yP6rKxmCu116_EaqnEiYyRIbQBUwNMpzRMeOF-84o9nP32DVq2EpExQ=s64-c-k-c0x00ffffff-no-rj,64,Dim,,,,,,,,,,,,,,,,,,,,,,,,,,,,,,,,,,,,,,,,,,,,,,,,,,,,,,,,,,,,,,,,,,hnn,ChwKGkNLWEp1YUhDMVlNREZSWEN3Z1FkUC1VQnZn,text_message,1704982364500470
add_chat_item,,,,,,,,,,,,UCpQvOG-S4aj6auE7xMBgaGQ,source,https://yt4.ggpht.com/pJzIcFm1I0kEYV7xgvq5AcBR6TL1gX-F4AHToS488uCNNnOJrkDZi8UT86Deivb4v6A7TfiO,32,32x32,https://yt4.ggpht.com/pJzIcFm1I0kEYV7xgvq5AcBR6TL1gX-F4AHToS488uCNNnOJrkDZi8UT86Deivb4v6A7TfiO=s32-c-k-c0x00ffffff-no-rj,32,64,64x64,https://yt4.ggpht.com/pJzIcFm1I0kEYV7xgvq5AcBR6TL1gX-F4AHToS488uCNNnOJrkDZi8UT86Deivb4v6A7TfiO=s64-c-k-c0x00ffffff-no-rj,64,Fahim,,,,,,,,,,,,,,,,,,,,,,,,,,,,,,,,,,,,,,,,,,,,,,,,,,,,,,,,,,,,,,,,,,Walaikumus salam,ChwKGkNPTzk0S0hDMVlNREZTM0R3Z1FkOWtvSldB,text_message,1704982365162243
add_chat_item,,,,,,,,,,,,UCUd-1Tk1zkqr8qg8K34Oy3g,source,https://yt4.ggpht.com/P4oTqxv9Ukckk41cp7ZUk5uI5FXm6a6cjc5e_GaQgYZxZGioPi5G72FyEjFx1TURbwMF712RFA,32,32x32,https://yt4.ggpht.com/P4oTqxv9Ukckk41cp7ZUk5uI5FXm6a6cjc5e_GaQgYZxZGioPi5G72FyEjFx1TURbwMF712RFA=s32-c-k-c0x00ffffff-no-rj,32,64,64x64,https://yt4.ggpht.com/P4oTqxv9Ukckk41cp7ZUk5uI5FXm6a6cjc5e_GaQgYZxZGioPi5G72FyEjFx1TURbwMF712RFA=s64-c-k-c0x00ffffff-no-rj,64,boy,üé£,source,https://www.youtube.com/s/gaming/emoji/0f0cae22/emoji_u1f3a3.svg,,,https://www.youtube.com/s/gaming/emoji/0f0cae22/emoji_u1f3a3.svg,,,,,,False,:fishing_pole:,fishing,pole,and,fish,,:fishing_pole:,:fishing_pole_and_fish:,,,,,,,,,,,,,,,,,,,,,,,,,,,,,,,,,,,,,,,,,,,,,,"cutiee only has pogo subscription, she doesn't use ig bruh :fishing_pole:",ChwKGkNLUDdncUxDMVlNREZmUEN3Z1FkemlVTVdR,text_message,1704982365724666
add_chat_item,,,,,,,,,,,,UCWKHaKBaAeAcpew-tyzFC6A,source,https://yt4.ggpht.com/-AihpPx0MWA2ZAc06P5hM7-SJdXeUGa9Xsxx0q5JPHI1hELRm_aPxljws-2KKiOc4bWUU5UB2_0,32,32x32,https://yt4.ggpht.com/-AihpPx0MWA2ZAc06P5hM7-SJdXeUGa9Xsxx0q5JPHI1hELRm_aPxljws-2KKiOc4bWUU5UB2_0=s32-c-k-c0x00ffffff-no-rj,32,64,64x64,https://yt4.ggpht.com/-AihpPx0MWA2ZAc06P5hM7-SJdXeUGa9Xsxx0q5JPHI1hELRm_aPxljws-2KKiOc4bWUU5UB2_0=s64-c-k-c0x00ffffff-no-rj,64,Mr Prkp,,,,,,,,,,,,,,,,,,,,,,,,,,,,,,,,,,,,,,,,,,,,,,,,,,,,,,,,,,,,,,,,,,#YourMrinali hii,ChwKGkNQU1drNkxDMVlNREZmclF3Z1FkNTF3RTl3,text_message,1704982365979410
add_chat_item,,,,,,,,,,,,UCAIJfJElQU3hvjsuVmxhoVg,source,https://yt4.ggpht.com/lGyukMPlhCDDVcbJLlwM8tJLL_Na1H2-RHquaIQ74ZJTD53b7V7HNZd6BXnh7Tw-z0b5VZJjHw,32,32x32,https://yt4.ggpht.com/lGyukMPlhCDDVcbJLlwM8tJLL_Na1H2-RHquaIQ74ZJTD53b7V7HNZd6BXnh7Tw-z0b5VZJjHw=s32-c-k-c0x00ffffff-no-rj,32,64,64x64,https://yt4.ggpht.com/lGyukMPlhCDDVcbJLlwM8tJLL_Na1H2-RHquaIQ74ZJTD53b7V7HNZd6BXnh7Tw-z0b5VZJjHw=s64-c-k-c0x00ffffff-no-rj,64,ben,,,,,,,,,,,,,,,,,,,,,,,,,,,,,,,,,,,,,,,,,,,,,,,,,,,,,,,,,,,,,,,,,,bhai jada kam karwao koi,ChwKGkNPcVp6YUxDMVlNREZUREN3Z1FkSFNrTE1B,text_message,1704982366923164
add_chat_item,,,,,,,,,,,,UCF74QNXk67GGDtV8BxdsDGg,source,https://yt4.ggpht.com/wV9SRsGhfgqO3nvkQJzKEdBvqDunX_Lrh6rNjWCUIpk7imX9u1Fqe0wEBj0cLGE4PeynoYOHRQ,32,32x32,https://yt4.ggpht.com/wV9SRsGhfgqO3nvkQJzKEdBvqDunX_Lrh6rNjWCUIpk7imX9u1Fqe0wEBj0cLGE4PeynoYOHRQ=s32-c-k-c0x00ffffff-no-rj,32,64,64x64,https://yt4.ggpht.com/wV9SRsGhfgqO3nvkQJzKEdBvqDunX_Lrh6rNjWCUIpk7imX9u1Fqe0wEBj0cLGE4PeynoYOHRQ=s64-c-k-c0x00ffffff-no-rj,64,Kazama,,,,,,,,,,,,,,,,,,,,,,,,,,,,,,,,,,,,,,,,,,,,,,,,,,,,,,,,,,,,,,,,,,@Bhumika You are 17 ? Same lol,ChwKGkNPMnpnNlBDMVlNREZSWEN3Z1FkUC1VQnZn,text_message,1704982367815083
add_chat_item,,,,,,,,,,,,UCDGqVMvwb3h9-a2pBsHhS3Q,source,https://yt4.ggpht.com/ytc/AIf8zZRoOEh4EulAwl2n9MmImgEORt1OMh3voteK2o8OcoSayUFX28cUA9eXRLiNbniK,32,32x32,https://yt4.ggpht.com/ytc/AIf8zZRoOEh4EulAwl2n9MmImgEORt1OMh3voteK2o8OcoSayUFX28cUA9eXRLiNbniK=s32-c-k-c0x00ffffff-no-rj,32,64,64x64,https://yt4.ggpht.com/ytc/AIf8zZRoOEh4EulAwl2n9MmImgEORt1OMh3voteK2o8OcoSayUFX28cUA9eXRLiNbniK=s64-c-k-c0x00ffffff-no-rj,64,Bobby Ba,ü§£,source,https://www.youtube.com/s/gaming/emoji/0f0cae22/emoji_u1f923.svg,,,https://www.youtube.com/s/gaming/emoji/0f0cae22/emoji_u1f923.svg,,,,,,False,:rolling_on_the_floor_laughing:,rolling,on,the,floor,laughing,:rolling_on_the_floor_laughing:,,,,üî™,source,https://www.youtube.com/s/gaming/emoji/0f0cae22/emoji_u1f52a.svg,,,https://www.youtube.com/s/gaming/emoji/0f0cae22/emoji_u1f52a.svg,,,,,,False,:kitchen_knife:,kitchen,knife,hocho,,,:kitchen_knife:,:hocho:,:knife:,,,,,,,,,,,,,,,,,,,,,,,:rolling_on_the_floor_laughing::kitchen_knife:,ChwKGkNKeU9xYVBDMVlNREZlb3UxZ0FkeDA4QzB3,text_message,1704982368392053
add_chat_item,,,,,,,,,,,,UC-MplG_I0tJrMEZOK83orvQ,source,https://yt4.ggpht.com/ytc/AIf8zZRiT5PVVJJbyeebkqx_DCqmV7fmmVor412nBYegLA,32,32x32,https://yt4.ggpht.com/ytc/AIf8zZRiT5PVVJJbyeebkqx_DCqmV7fmmVor412nBYegLA=s32-c-k-c0x00ffffff-no-rj,32,64,64x64,https://yt4.ggpht.com/ytc/AIf8zZRiT5PVVJJbyeebkqx_DCqmV7fmmVor412nBYegLA=s64-c-k-c0x00ffffff-no-rj,64,monke,,,,,,,,,,,,,,,,,,,,,,,,,,,,,,,,,,,,,,,,,,,,,,,,,,,,,,,,,,,,,,,,,,CHIPI CHIPI,ChwKGkNJNkg4cVBDMVlNREZWbkN3Z1Fkd1Y0RFdR,text_message,1704982369633800
add_chat_item,source,https://yt3.ggpht.com/uSJXtUUpynW5hG4rZO02pgZhZb_cfroVgzf5aK9vJTGsCJFjGNVfebZiSqnSUrXuBZH2W5LE,16,16x16,https://yt3.ggpht.com/uSJXtUUpynW5hG4rZO02pgZhZb_cfroVgzf5aK9vJTGsCJFjGNVfebZiSqnSUrXuBZH2W5LE=s16-c-k,16,32,32x32,https://yt3.ggpht.com/uSJXtUUpynW5hG4rZO02pgZhZb_cfroVgzf5aK9vJTGsCJFjGNVfebZiSqnSUrXuBZH2W5LE=s32-c-k,32,Member (2 months),UC8BHfaoAzbMypP65Y0OYzxA,source,https://yt4.ggpht.com/-Gc3moMvXs9lguiCNsScZCqL11NQvh-1qV3ufLs-4vwh3pC3Dh_1WeFZX4T9RiPrzdRCesA1nQ,32,32x32,https://yt4.ggpht.com/-Gc3moMvXs9lguiCNsScZCqL11NQvh-1qV3ufLs-4vwh3pC3Dh_1WeFZX4T9RiPrzdRCesA1nQ=s32-c-k-c0x00ffffff-no-rj,32,64,64x64,https://yt4.ggpht.com/-Gc3moMvXs9lguiCNsScZCqL11NQvh-1qV3ufLs-4vwh3pC3Dh_1WeFZX4T9RiPrzdRCesA1nQ=s64-c-k-c0x00ffffff-no-rj,64,Titan,üéµ,source,https://www.youtube.com/s/gaming/emoji/0f0cae22/emoji_u1f3b5.svg,,,https://www.youtube.com/s/gaming/emoji/0f0cae22/emoji_u1f3b5.svg,,,,,,False,:musical_note:,musical,note,,,,:musical_note:,,,,üé∂,source,https://www.youtube.com/s/gaming/emoji/0f0cae22/emoji_u1f3b6.svg,,,https://www.youtube.com/s/gaming/emoji/0f0cae22/emoji_u1f3b6.svg,,,,,,False,:musical_notes:,musical,notes,,,,:musical_notes:,:notes:,,,UCSJ4gkVC6NrvII8umztf0Ow/I-P3YJTXG4il1wLTxId4,source,https://yt3.ggpht.com/Ut6m2WfMLi4KlDo-4fJhM8zuHn2AnedIzRpQ3f_1ppevsrRlOGy7Um_I5Xzf02LRMPYvdmb_Lw,24,24x24,https://yt3.ggpht.com/Ut6m2WfMLi4KlDo-4fJhM8zuHn2AnedIzRpQ3f_1ppevsrRlOGy7Um_I5Xzf02LRMPYvdmb_Lw=w24-h24-c-k-nd,24,48,48x48,https://yt3.ggpht.com/Ut6m2WfMLi4KlDo-4fJhM8zuHn2AnedIzRpQ3f_1ppevsrRlOGy7Um_I5Xzf02LRMPYvdmb_Lw=w48-h48-c-k-nd,48,True,:_lofiLofisleep:,_lofiLofisleep,lofiLofisleep,_lofisleep,lofisleep,:_lofiLofisleep:,:lofiLofisleep:,:_lofisleep:,:lofisleep:,:musical_note::musical_notes::_lofiLofisleep:,ChwKGkNKT1d1S1RDMVlNREZSWEN3Z1FkUC1VQnZn,text_message,1704982370792681
add_chat_item,,,,,,,,,,,,UCVf7ent0EPLq04aYA9mMD-A,source,https://yt4.ggpht.com/ytc/AIf8zZSVZGCLWRaN8mCd4AYCcijWCSmqXFyUWlyjli_pj0IbmNk8EsPqAJci82ODcxch,32,32x32,https://yt4.ggpht.com/ytc/AIf8zZSVZGCLWRaN8mCd4AYCcijWCSmqXFyUWlyjli_pj0IbmNk8EsPqAJci82ODcxch=s32-c-k-c0x00ffffff-no-rj,32,64,64x64,https://yt4.ggpht.com/ytc/AIf8zZSVZGCLWRaN8mCd4AYCcijWCSmqXFyUWlyjli_pj0IbmNk8EsPqAJci82ODcxch=s64-c-k-c0x00ffffff-no-rj,64,Rose Khan,,,,,,,,,,,,,,,,,,,,,,,,,,,,,,,,,,,,,,,,,,,,,,,,,,,,,,,,,,,,,,,,,,why are uh askingg,ChwKGkNLSFF2S1RDMVlNREZmclF3Z1FkNTF3RTl3,text_message,1704982370854752
add_chat_item,,,,,,,,,,,,UCh8s4p45k-gsWObmWw9t79A,source,https://yt4.ggpht.com/Kj2j-s72bi9JrFV0ThIbUeYClUgDcLSnYIv06RJdDIWNIhf8Q1R-_7VZxeFms0_lQcVZ74V7MQ,32,32x32,https://yt4.ggpht.com/Kj2j-s72bi9JrFV0ThIbUeYClUgDcLSnYIv06RJdDIWNIhf8Q1R-_7VZxeFms0_lQcVZ74V7MQ=s32-c-k-c0x00ffffff-no-rj,32,64,64x64,https://yt4.ggpht.com/Kj2j-s72bi9JrFV0ThIbUeYClUgDcLSnYIv06RJdDIWNIhf8Q1R-_7VZxeFms0_lQcVZ74V7MQ=s64-c-k-c0x00ffffff-no-rj,64,Prime,üòå,source,https://www.youtube.com/s/gaming/emoji/0f0cae22/emoji_u1f60c.svg,,,https://www.youtube.com/s/gaming/emoji/0f0cae22/emoji_u1f60c.svg,,,,,,False,:relieved_face:,relieved,face,,,,:relieved_face:,:relieved:,,,,,,,,,,,,,,,,,,,,,,,,,,,,,,,,,,,,,,,,,,,,,,@Fahim okay lol:relieved_face:,ChwKGkNQLXI2cVhDMVlNREZTRV9yUVlkVENzUHhR,text_message,1704982373699857
add_chat_item,,,,,,,,,,,,UCVNoUHuv9snbMXRca80ES7g,source,https://yt4.ggpht.com/VH0RlDg--0LXgWPEgIgEcpkhwj5paDomvtn3kufLI_Pr1xwgihUmdmlGYWfD9ihf28NRiWdkzA,32,32x32,https://yt4.ggpht.com/VH0RlDg--0LXgWPEgIgEcpkhwj5paDomvtn3kufLI_Pr1xwgihUmdmlGYWfD9ihf28NRiWdkzA=s32-c-k-c0x00ffffff-no-rj,32,64,64x64,https://yt4.ggpht.com/VH0RlDg--0LXgWPEgIgEcpkhwj5paDomvtn3kufLI_Pr1xwgihUmdmlGYWfD9ihf28NRiWdkzA=s64-c-k-c0x00ffffff-no-rj,64,‚òÜ_ùêáùêÄùêåùêÄùêí_____,,,,,,,,,,,,,,,,,,,,,,,,,,,,,,,,,,,,,,,,,,,,,,,,,,,,,,,,,,,,,,,,,,Wa_Wa Alyekum Assalam_______myra ___do you know me?,ChwKGkNKVGNqcWJDMVlNREZUdlN3Z1FkVUk4SExB,text_message,1704982374292152
add_chat_item,,,,,,,,,,,,UCBW1GVCzerQsv30d4ehaZww,source,https://yt4.ggpht.com/I-Ud6pMBWPRsFIcypv0eVHqz6Eb953gefJdd07zR50oBJpvfEalnE-S67B06sBQCho4FtII_Sg,32,32x32,https://yt4.ggpht.com/I-Ud6pMBWPRsFIcypv0eVHqz6Eb953gefJdd07zR50oBJpvfEalnE-S67B06sBQCho4FtII_Sg=s32-c-k-c0x00ffffff-no-rj,32,64,64x64,https://yt4.ggpht.com/I-Ud6pMBWPRsFIcypv0eVHqz6Eb953gefJdd07zR50oBJpvfEalnE-S67B06sBQCho4FtII_Sg=s64-c-k-c0x00ffffff-no-rj,64,Gar√¨ma,UCkszU2WH9gy1mb0dV-11UJg/Ym5IY7-0LoqA29sPq9CAkAY,source,https://yt3.ggpht.com/MJV1k3J5s0hcUfuo78Y6MKi-apDY5NVDjO9Q7hL8fU4i0cIBgU-cU4rq4sHessJuvuGpDOjJ,24,24x24,https://yt3.ggpht.com/MJV1k3J5s0hcUfuo78Y6MKi-apDY5NVDjO9Q7hL8fU4i0cIBgU-cU4rq4sHessJuvuGpDOjJ=w24-h24-c-k-nd,24,48,48x48,https://yt3.ggpht.com/MJV1k3J5s0hcUfuo78Y6MKi-apDY5NVDjO9Q7hL8fU4i0cIBgU-cU4rq4sHessJuvuGpDOjJ=w48-h48-c-k-nd,48,True,:face-purple-smiling-tears:,face-purple-smiling-tears,,,,,:face-purple-smiling-tears:,,,,,,,,,,,,,,,,,,,,,,,,,,,,,,,,,,,,,,,,,,,,,,,SORRY FUTURE ME:face-purple-smiling-tears:,ChwKGkNMU0YzcWZDMVlNREZkX1J3Z1FkaTJNRVZR,text_message,1704982377695580
add_chat_item,,,,,,,,,,,,UC2tZgLOfBt2dvc-MEIkHltQ,source,https://yt4.ggpht.com/y0TpdmjZIFy0PhU1l1l-Myj0NqcF2yhotahTgFwAM-hron4Cj4kt-lAiuwGWagBYKPWkSN9EPA,32,32x32,https://yt4.ggpht.com/y0TpdmjZIFy0PhU1l1l-Myj0NqcF2yhotahTgFwAM-hron4Cj4kt-lAiuwGWagBYKPWkSN9EPA=s32-c-k-c0x00ffffff-no-rj,32,64,64x64,https://yt4.ggpht.com/y0TpdmjZIFy0PhU1l1l-Myj0NqcF2yhotahTgFwAM-hron4Cj4kt-lAiuwGWagBYKPWkSN9EPA=s64-c-k-c0x00ffffff-no-rj,64,Mir ,üôÉ,source,https://www.youtube.com/s/gaming/emoji/0f0cae22/emoji_u1f643.svg,,,https://www.youtube.com/s/gaming/emoji/0f0cae22/emoji_u1f643.svg,,,,,,False,:upside_down_face:,upside,down,face,,,:upside_down_face:,!:),!-:),!=),,,,,,,,,,,,,,,,,,,,,,,,,,,,,,,,,,,,,,,,,,,,Rum better than me :upside_down_face::upside_down_face:,ChwKGkNOU1hnS2pDMVlNREZYSXUxZ0FkWjV3Q2Vn,text_message,1704982378205911
add_chat_item,,,,,,,,,,,,UCMSsZII1oPY2LPKt3K-5iKw,source,https://yt4.ggpht.com/hGNZPR6aEJjM1y7DC8xoj6EPXNbBRtoE8sN3vkoNt79eYu46jYE-YYgslsRRTV7AnvvY5T7b0g,32,32x32,https://yt4.ggpht.com/hGNZPR6aEJjM1y7DC8xoj6EPXNbBRtoE8sN3vkoNt79eYu46jYE-YYgslsRRTV7AnvvY5T7b0g=s32-c-k-c0x00ffffff-no-rj,32,64,64x64,https://yt4.ggpht.com/hGNZPR6aEJjM1y7DC8xoj6EPXNbBRtoE8sN3vkoNt79eYu46jYE-YYgslsRRTV7AnvvY5T7b0g=s64-c-k-c0x00ffffff-no-rj,64,StoRmi,UCkszU2WH9gy1mb0dV-11UJg/YvgfY-LIBpjChgHKyYCQBg,source,https://yt3.ggpht.com/y8ppa6GcJoRUdw7GwmjDmTAnSkeIkUptZMVQuFmFaTlF_CVIL7YP7hH7hd0TJbd8p9w67IM,24,24x24,https://yt3.ggpht.com/y8ppa6GcJoRUdw7GwmjDmTAnSkeIkUptZMVQuFmFaTlF_CVIL7YP7hH7hd0TJbd8p9w67IM=w24-h24-c-k-nd,24,48,48x48,https://yt3.ggpht.com/y8ppa6GcJoRUdw7GwmjDmTAnSkeIkUptZMVQuFmFaTlF_CVIL7YP7hH7hd0TJbd8p9w67IM=w48-h48-c-k-nd,48,True,:hand-orange-covering-eyes:,hand-orange-covering-eyes,,,,,:hand-orange-covering-eyes:,,,,,,,,,,,,,,,,,,,,,,,,,,,,,,,,,,,,,,,,,,,,,,,:hand-orange-covering-eyes:,ChwKGkNOeW1xNmpDMVlNREZSdkR3Z1FkdTBrUGxB,text_message,1704982378979776
add_chat_item,,,,,,,,,,,,UCAIJfJElQU3hvjsuVmxhoVg,source,https://yt4.ggpht.com/lGyukMPlhCDDVcbJLlwM8tJLL_Na1H2-RHquaIQ74ZJTD53b7V7HNZd6BXnh7Tw-z0b5VZJjHw,32,32x32,https://yt4.ggpht.com/lGyukMPlhCDDVcbJLlwM8tJLL_Na1H2-RHquaIQ74ZJTD53b7V7HNZd6BXnh7Tw-z0b5VZJjHw=s32-c-k-c0x00ffffff-no-rj,32,64,64x64,https://yt4.ggpht.com/lGyukMPlhCDDVcbJLlwM8tJLL_Na1H2-RHquaIQ74ZJTD53b7V7HNZd6BXnh7Tw-z0b5VZJjHw=s64-c-k-c0x00ffffff-no-rj,64,ben,,,,,,,,,,,,,,,,,,,,,,,,,,,,,,,,,,,,,,,,,,,,,,,,,,,,,,,,,,,,,,,,,,"Khyati Tiwari gazar ki sbji, or matar hi ban Raha hr din",ChwKGkNKWGZrYW5DMVlNREZmUEN3Z1FkemlVTVdR,text_message,1704982380642994
add_chat_item,,,,,,,,,,,,UCQk-c0ZEN877DPHVFc1IuAg,source,https://yt4.ggpht.com/wRqCZQnEZ78PhE4MesQ8t4G0oO7iQXCXU5FsZvGQwVacd9IFje73NWsTFHLJoMYAqgYeb4s71-4,32,32x32,https://yt4.ggpht.com/wRqCZQnEZ78PhE4MesQ8t4G0oO7iQXCXU5FsZvGQwVacd9IFje73NWsTFHLJoMYAqgYeb4s71-4=s32-c-k-c0x00ffffff-no-rj,32,64,64x64,https://yt4.ggpht.com/wRqCZQnEZ78PhE4MesQ8t4G0oO7iQXCXU5FsZvGQwVacd9IFje73NWsTFHLJoMYAqgYeb4s71-4=s64-c-k-c0x00ffffff-no-rj,64,KARICE,,,,,,,,,,,,,,,,,,,,,,,,,,,,,,,,,,,,,,,,,,,,,,,,,,,,,,,,,,,,,,,,,,@Rahil suiii,ChwKGkNPU1VzYW5DMVlNREZjNG4xZ0FkMmJrT05B,text_message,1704982381106226
add_chat_item,,,,,,,,,,,,UC0dbRD19qOc8m8mHHpW4cuw,source,https://yt4.ggpht.com/iuJYst27DvlFaJydAwS80t1BSUmXf7w742WPAXVBqEw6i4ZDdNkQk03WdGx_D__B_BYFcMjH-g,32,32x32,https://yt4.ggpht.com/iuJYst27DvlFaJydAwS80t1BSUmXf7w742WPAXVBqEw6i4ZDdNkQk03WdGx_D__B_BYFcMjH-g=s32-c-k-c0x00ffffff-no-rj,32,64,64x64,https://yt4.ggpht.com/iuJYst27DvlFaJydAwS80t1BSUmXf7w742WPAXVBqEw6i4ZDdNkQk03WdGx_D__B_BYFcMjH-g=s64-c-k-c0x00ffffff-no-rj,64,cutiee,,,,,,,,,,,,,,,,,,,,,,,,,,,,,,,,,,,,,,,,,,,,,,,,,,,,,,,,,,,,,,,,,,i guess ronaldo,ChwKGkNNMjh4Nm5DMVlNREZSWEN3Z1FkUC1VQnZn,text_message,1704982381502869
add_chat_item,,,,,,,,,,,,UCWKHaKBaAeAcpew-tyzFC6A,source,https://yt4.ggpht.com/-AihpPx0MWA2ZAc06P5hM7-SJdXeUGa9Xsxx0q5JPHI1hELRm_aPxljws-2KKiOc4bWUU5UB2_0,32,32x32,https://yt4.ggpht.com/-AihpPx0MWA2ZAc06P5hM7-SJdXeUGa9Xsxx0q5JPHI1hELRm_aPxljws-2KKiOc4bWUU5UB2_0=s32-c-k-c0x00ffffff-no-rj,32,64,64x64,https://yt4.ggpht.com/-AihpPx0MWA2ZAc06P5hM7-SJdXeUGa9Xsxx0q5JPHI1hELRm_aPxljws-2KKiOc4bWUU5UB2_0=s64-c-k-c0x00ffffff-no-rj,64,Mr Prkp,,,,,,,,,,,,,,,,,,,,,,,,,,,,,,,,,,,,,,,,,,,,,,,,,,,,,,,,,,,,,,,,,,@Dim can you hva insta ,ChwKGkNPWDVoS3JDMVlNREZWbkN3Z1Fkd1Y0RFdR,text_message,1704982382528211
add_chat_item,,,,,,,,,,,,UCwv5rG15HpWQMnHXi0BSZ6Q,source,https://yt4.ggpht.com/ytc/AIf8zZTBJ0ROusYARh5COYDq0xIxA-sZujHgsHOPmr57xQ,32,32x32,https://yt4.ggpht.com/ytc/AIf8zZTBJ0ROusYARh5COYDq0xIxA-sZujHgsHOPmr57xQ=s32-c-k-c0x00ffffff-no-rj,32,64,64x64,https://yt4.ggpht.com/ytc/AIf8zZTBJ0ROusYARh5COYDq0xIxA-sZujHgsHOPmr57xQ=s64-c-k-c0x00ffffff-no-rj,64,Mojact,,,,,,,,,,,,,,,,,,,,,,,,,,,,,,,,,,,,,,,,,,,,,,,,,,,,,,,,,,,,,,,,,,"–î–∞–Ω–∏—è–ª, –Ø —Å–∫–∞–∑–∞–ª –ø—Ä–æ—Å—Ç—É—é –±–∞–∑—É, –º–æ–≥—É –ø–æ–∂–µ–ª–∞—Ç—å —Ç–µ–±–µ —Ç–æ–ª—å–∫–æ –¥–æ—Å—Ç–∏—á—å —Å–≤–æ–∏ —Ü–µ–ª–µ–π —Å —É—Å–ø–µ—Ö–æ–º)",ChwKGkNQckZ0YXJDMVlNREZhRVAxZ0FkN1lVRTBR,text_message,1704982383271845
add_chat_item,,,,,,,,,,,,UC_GPS4mT_p3zp2cVt1m_KkQ,source,https://yt4.ggpht.com/ArrrHOR6vemh92VQ-8Jcc0e6eU5OSN0ckSOZE91t8nKFJskJFWUM-1iYqPLlLXgcnqekzpyK,32,32x32,https://yt4.ggpht.com/ArrrHOR6vemh92VQ-8Jcc0e6eU5OSN0ckSOZE91t8nKFJskJFWUM-1iYqPLlLXgcnqekzpyK=s32-c-k-c0x00ffffff-no-rj,32,64,64x64,https://yt4.ggpht.com/ArrrHOR6vemh92VQ-8Jcc0e6eU5OSN0ckSOZE91t8nKFJskJFWUM-1iYqPLlLXgcnqekzpyK=s64-c-k-c0x00ffffff-no-rj,64,Aurora,,,,,,,,,,,,,,,,,,,,,,,,,,,,,,,,,,,,,,,,,,,,,,,,,,,,,,,,,,,,,,,,,,Hello ,ChwKGkNNMkZfNnZDMVlNREZSM0J3Z1FkS09VTDN3,text_message,1704982386613082
add_chat_item,,,,,,,,,,,,UCUd-1Tk1zkqr8qg8K34Oy3g,source,https://yt4.ggpht.com/P4oTqxv9Ukckk41cp7ZUk5uI5FXm6a6cjc5e_GaQgYZxZGioPi5G72FyEjFx1TURbwMF712RFA,32,32x32,https://yt4.ggpht.com/P4oTqxv9Ukckk41cp7ZUk5uI5FXm6a6cjc5e_GaQgYZxZGioPi5G72FyEjFx1TURbwMF712RFA=s32-c-k-c0x00ffffff-no-rj,32,64,64x64,https://yt4.ggpht.com/P4oTqxv9Ukckk41cp7ZUk5uI5FXm6a6cjc5e_GaQgYZxZGioPi5G72FyEjFx1TURbwMF712RFA=s64-c-k-c0x00ffffff-no-rj,64,boy,,,,,,,,,,,,,,,,,,,,,,,,,,,,,,,,,,,,,,,,,,,,,,,,,,,,,,,,,,,,,,,,,,@Niki Georgop i asked how is my new dp?,ChwKGkNPTGhtS3pDMVlNREZUdlN3Z1FkVUk4SExB,text_message,1704982387049922
add_chat_item,,,,,,,,,,,,UCt-4jxekG2n7jCUiY3jSZTQ,source,https://yt4.ggpht.com/LBCCuZnxN14LXGBhzTtjs8tS2oxiKEdRU33BCdsMzYlck6YFzud-sDL6Ajb8ew-F_18-X_q6Mw,32,32x32,https://yt4.ggpht.com/LBCCuZnxN14LXGBhzTtjs8tS2oxiKEdRU33BCdsMzYlck6YFzud-sDL6Ajb8ew-F_18-X_q6Mw=s32-c-k-c0x00ffffff-no-rj,32,64,64x64,https://yt4.ggpht.com/LBCCuZnxN14LXGBhzTtjs8tS2oxiKEdRU33BCdsMzYlck6YFzud-sDL6Ajb8ew-F_18-X_q6Mw=s64-c-k-c0x00ffffff-no-rj,64,dzhek drayzer,,,,,,,,,,,,,,,,,,,,,,,,,,,,,,,,,,,,,,,,,,,,,,,,,,,,,,,,,,,,,,,,,,"—è –∑–∞–º–µ—Ç–∏–ª–∞, –∏ —É–¥–∏–ª–µ–Ω–Ω–∞, —Å–∫–æ–ª—å–∫–ª –Ω—å–∞–Ω—Å–æ–≤ –∂–∏–∑–Ω–∏ –∑–Ω–∞–µ—à—å)",ChwKGkNMaW11S3pDMVlNREZZRUgxZ0Fka1ZnQmNB,text_message,1704982387511678
add_chat_item,,,,,,,,,,,,UCWKHaKBaAeAcpew-tyzFC6A,source,https://yt4.ggpht.com/-AihpPx0MWA2ZAc06P5hM7-SJdXeUGa9Xsxx0q5JPHI1hELRm_aPxljws-2KKiOc4bWUU5UB2_0,32,32x32,https://yt4.ggpht.com/-AihpPx0MWA2ZAc06P5hM7-SJdXeUGa9Xsxx0q5JPHI1hELRm_aPxljws-2KKiOc4bWUU5UB2_0=s32-c-k-c0x00ffffff-no-rj,32,64,64x64,https://yt4.ggpht.com/-AihpPx0MWA2ZAc06P5hM7-SJdXeUGa9Xsxx0q5JPHI1hELRm_aPxljws-2KKiOc4bWUU5UB2_0=s64-c-k-c0x00ffffff-no-rj,64,Mr Prkp,,,,,,,,,,,,,,,,,,,,,,,,,,,,,,,,,,,,,,,,,,,,,,,,,,,,,,,,,,,,,,,,,,@StoRmi hii,ChwKGkNPakEwcXpDMVlNREZWekR3Z1FkLXNjSmtR,text_message,1704982387981116
add_chat_item,source,https://yt3.ggpht.com/uSJXtUUpynW5hG4rZO02pgZhZb_cfroVgzf5aK9vJTGsCJFjGNVfebZiSqnSUrXuBZH2W5LE,16,16x16,https://yt3.ggpht.com/uSJXtUUpynW5hG4rZO02pgZhZb_cfroVgzf5aK9vJTGsCJFjGNVfebZiSqnSUrXuBZH2W5LE=s16-c-k,16,32,32x32,https://yt3.ggpht.com/uSJXtUUpynW5hG4rZO02pgZhZb_cfroVgzf5aK9vJTGsCJFjGNVfebZiSqnSUrXuBZH2W5LE=s32-c-k,32,Member (2 months),UC8BHfaoAzbMypP65Y0OYzxA,source,https://yt4.ggpht.com/-Gc3moMvXs9lguiCNsScZCqL11NQvh-1qV3ufLs-4vwh3pC3Dh_1WeFZX4T9RiPrzdRCesA1nQ,32,32x32,https://yt4.ggpht.com/-Gc3moMvXs9lguiCNsScZCqL11NQvh-1qV3ufLs-4vwh3pC3Dh_1WeFZX4T9RiPrzdRCesA1nQ=s32-c-k-c0x00ffffff-no-rj,32,64,64x64,https://yt4.ggpht.com/-Gc3moMvXs9lguiCNsScZCqL11NQvh-1qV3ufLs-4vwh3pC3Dh_1WeFZX4T9RiPrzdRCesA1nQ=s64-c-k-c0x00ffffff-no-rj,64,Titan,,,,,,,,,,,,,,,,,,,,,,,,,,,,,,,,,,,,,,,,,,,,,,,,,,,,,,,,,,,,,,,,,,Gar√¨ma haha,ChwKGkNNZnAtNl9DMVlNREZTRV9yUVlkVENzUHhR,text_message,1704982394966371
add_chat_item,,,,,,,,,,,,UCwQsAB_46jWUK2v0C3uwvsQ,source,https://yt4.ggpht.com/ytc/AIf8zZTYQfut6FGf81dF5T7MCaC2DBCvKba3uGeTNEc-bTENjzrXl9WsgpMkizwqgLS4,32,32x32,https://yt4.ggpht.com/ytc/AIf8zZTYQfut6FGf81dF5T7MCaC2DBCvKba3uGeTNEc-bTENjzrXl9WsgpMkizwqgLS4=s32-c-k-c0x00ffffff-no-rj,32,64,64x64,https://yt4.ggpht.com/ytc/AIf8zZTYQfut6FGf81dF5T7MCaC2DBCvKba3uGeTNEc-bTENjzrXl9WsgpMkizwqgLS4=s64-c-k-c0x00ffffff-no-rj,64,Bhumika,‚úä,source,https://www.youtube.com/s/gaming/emoji/0f0cae22/emoji_u270a.svg,,,https://www.youtube.com/s/gaming/emoji/0f0cae22/emoji_u270a.svg,,,,,,False,:raised_fist:,raised,fist,,,,:raised_fist:,:fist:,,,üòÇ,source,https://www.youtube.com/s/gaming/emoji/0f0cae22/emoji_u1f602.svg,,,https://www.youtube.com/s/gaming/emoji/0f0cae22/emoji_u1f602.svg,,,,,,False,:face_with_tears_of_joy:,face,with,tears,of,joy,:face_with_tears_of_joy:,:joy:,,,,,,,,,,,,,,,,,,,,,,,,@@kazama same punch :raised_fist: than :face_with_tears_of_joy::face_with_tears_of_joy:,ChwKGkNQcmdrYkRDMVlNREZTY1NyUVlkSUpBR1hn,text_message,1704982395318793
add_chat_item,,,,,,,,,,,,UC7OFPMvAcerTglcRjjL5ObA,source,https://yt4.ggpht.com/VDO70Tz5MbZwP0EA5sI-xeeXMGP6plkhPAP--BS3F-XO2WjlmKUyhayCuMg3IargmdawEupynL0,32,32x32,https://yt4.ggpht.com/VDO70Tz5MbZwP0EA5sI-xeeXMGP6plkhPAP--BS3F-XO2WjlmKUyhayCuMg3IargmdawEupynL0=s32-c-k-c0x00ffffff-no-rj,32,64,64x64,https://yt4.ggpht.com/VDO70Tz5MbZwP0EA5sI-xeeXMGP6plkhPAP--BS3F-XO2WjlmKUyhayCuMg3IargmdawEupynL0=s64-c-k-c0x00ffffff-no-rj,64,Rum,,,,,,,,,,,,,,,,,,,,,,,,,,,,,,,,,,,,,,,,,,,,,,,,,,,,,,,,,,,,,,,,,,Mir no i'm in school and u?,ChwKGkNLdVl2TERDMVlNREZXWUwxZ0FkX1prRHNn,text_message,1704982395970750
add_chat_item,,,,,,,,,,,,UCKVALBsE2tJK4uLdukVwX_g,source,https://yt4.ggpht.com/0qUM7Zi3go8LYjfA4Z9ww3ISCaPa6bM_8u4qyRqMSetBmKq-2jYyER7aH1XGGdKIkXFc_RFUog,32,32x32,https://yt4.ggpht.com/0qUM7Zi3go8LYjfA4Z9ww3ISCaPa6bM_8u4qyRqMSetBmKq-2jYyER7aH1XGGdKIkXFc_RFUog=s32-c-k-c0x00ffffff-no-rj,32,64,64x64,https://yt4.ggpht.com/0qUM7Zi3go8LYjfA4Z9ww3ISCaPa6bM_8u4qyRqMSetBmKq-2jYyER7aH1XGGdKIkXFc_RFUog=s64-c-k-c0x00ffffff-no-rj,64,Dimpal Mali official ,,,,,,,,,,,,,,,,,,,,,,,,,,,,,,,,,,,,,,,,,,,,,,,,,,,,,,,,,,,,,,,,,,@karan ok bye...mla cake ghetla jayach ahe....frd cha bday ahe,ChwKGkNNV0l1ckRDMVlNREZWekR3Z1FkLXNjSmtR,text_message,1704982395989570
add_chat_item,,,,,,,,,,,,UCR1Jvukh7AW6f4SmizNVFWA,source,https://yt4.ggpht.com/mNwzH7IkZKs5eLm4nJ7ugPHrSH3ZMeGVyDjZxlrrvr-hP9IjHFhyAJ2s908b493788vPHf-mkh0,32,32x32,https://yt4.ggpht.com/mNwzH7IkZKs5eLm4nJ7ugPHrSH3ZMeGVyDjZxlrrvr-hP9IjHFhyAJ2s908b493788vPHf-mkh0=s32-c-k-c0x00ffffff-no-rj,32,64,64x64,https://yt4.ggpht.com/mNwzH7IkZKs5eLm4nJ7ugPHrSH3ZMeGVyDjZxlrrvr-hP9IjHFhyAJ2s908b493788vPHf-mkh0=s64-c-k-c0x00ffffff-no-rj,64,Rahil,,,,,,,,,,,,,,,,,,,,,,,,,,,,,,,,,,,,,,,,,,,,,,,,,,,,,,,,,,,,,,,,,,@Bhumika nope I‚Äôm in 11 going to 12 in few months,ChwKGkNPWGEyckRDMVlNREZYVEN3Z1FkWEdRQmpR,text_message,1704982396506728
add_chat_item,,,,,,,,,,,,UCAIJfJElQU3hvjsuVmxhoVg,source,https://yt4.ggpht.com/lGyukMPlhCDDVcbJLlwM8tJLL_Na1H2-RHquaIQ74ZJTD53b7V7HNZd6BXnh7Tw-z0b5VZJjHw,32,32x32,https://yt4.ggpht.com/lGyukMPlhCDDVcbJLlwM8tJLL_Na1H2-RHquaIQ74ZJTD53b7V7HNZd6BXnh7Tw-z0b5VZJjHw=s32-c-k-c0x00ffffff-no-rj,32,64,64x64,https://yt4.ggpht.com/lGyukMPlhCDDVcbJLlwM8tJLL_Na1H2-RHquaIQ74ZJTD53b7V7HNZd6BXnh7Tw-z0b5VZJjHw=s64-c-k-c0x00ffffff-no-rj,64,ben,,,,,,,,,,,,,,,,,,,,,,,,,,,,,,,,,,,,,,,,,,,,,,,,,,,,,,,,,,,,,,,,,,Khyati Tiwari mere khane ka cousine Bahut fantastic hai,ChwKGkNQRFlzYkhDMVlNREZaWEN3Z1FkclpvR3dR,text_message,1704982397931365
add_chat_item,,,,,,,,,,,,UCbLTPXtFDxH9FqIj0GETUGQ,source,https://yt4.ggpht.com/oLKdw8EQrVJTt5xxl_ieT0iB1TM6XXgfWfARpN6JIBkm7ooEn4qQiaCocE99i841vVcaZFQwIw,32,32x32,https://yt4.ggpht.com/oLKdw8EQrVJTt5xxl_ieT0iB1TM6XXgfWfARpN6JIBkm7ooEn4qQiaCocE99i841vVcaZFQwIw=s32-c-k-c0x00ffffff-no-rj,32,64,64x64,https://yt4.ggpht.com/oLKdw8EQrVJTt5xxl_ieT0iB1TM6XXgfWfARpN6JIBkm7ooEn4qQiaCocE99i841vVcaZFQwIw=s64-c-k-c0x00ffffff-no-rj,64,Reachyboi?,,,,,,,,,,,,,,,,,,,,,,,,,,,,,,,,,,,,,,,,,,,,,,,,,,,,,,,,,,,,,,,,,,aight im back again,ChwKGkNJRzlzckhDMVlNREZkX0J3Z1FkRGprT2ln,text_message,1704982397942383
add_chat_item,,,,,,,,,,,,UCQM6p1FYSrBxuCNE7CbKMEQ,source,https://yt4.ggpht.com/YpjlUuT1nIR0VePKx43yP6rKxmCu116_EaqnEiYyRIbQBUwNMpzRMeOF-84o9nP32DVq2EpExQ,32,32x32,https://yt4.ggpht.com/YpjlUuT1nIR0VePKx43yP6rKxmCu116_EaqnEiYyRIbQBUwNMpzRMeOF-84o9nP32DVq2EpExQ=s32-c-k-c0x00ffffff-no-rj,32,64,64x64,https://yt4.ggpht.com/YpjlUuT1nIR0VePKx43yP6rKxmCu116_EaqnEiYyRIbQBUwNMpzRMeOF-84o9nP32DVq2EpExQ=s64-c-k-c0x00ffffff-no-rj,64,Dim,,,,,,,,,,,,,,,,,,,,,,,,,,,,,,,,,,,,,,,,,,,,,,,,,,,,,,,,,,,,,,,,,,"acha hua mai larki nhi hun, kisi janam mei merko larki nhi banna",ChwKGkNMdUgtTEhDMVlNREZSRER3Z1FkQ3lBT0N3,text_message,1704982399091933
add_chat_item,,,,,,,,,,,,UCh8s4p45k-gsWObmWw9t79A,source,https://yt4.ggpht.com/Kj2j-s72bi9JrFV0ThIbUeYClUgDcLSnYIv06RJdDIWNIhf8Q1R-_7VZxeFms0_lQcVZ74V7MQ,32,32x32,https://yt4.ggpht.com/Kj2j-s72bi9JrFV0ThIbUeYClUgDcLSnYIv06RJdDIWNIhf8Q1R-_7VZxeFms0_lQcVZ74V7MQ=s32-c-k-c0x00ffffff-no-rj,32,64,64x64,https://yt4.ggpht.com/Kj2j-s72bi9JrFV0ThIbUeYClUgDcLSnYIv06RJdDIWNIhf8Q1R-_7VZxeFms0_lQcVZ74V7MQ=s64-c-k-c0x00ffffff-no-rj,64,Prime,,,,,,,,,,,,,,,,,,,,,,,,,,,,,,,,,,,,,,,,,,,,,,,,,,,,,,,,,,,,,,,,,,@Fahim Ikr,ChwKGkNPclNtTExDMVlNREZWbkN3Z1Fkd1Y0RFdR,text_message,1704982399622465
add_chat_item,,,,,,,,,,,,UCVAVw1ElgaOIt2o5J-vYCzw,source,https://yt4.ggpht.com/1ut4AlFQKjSDUo5KeW07mTkXSKV447RzzlIYpko5SJ0i6caiT1hBcWME5_JwiNTYVF_FPYG3uA,32,32x32,https://yt4.ggpht.com/1ut4AlFQKjSDUo5KeW07mTkXSKV447RzzlIYpko5SJ0i6caiT1hBcWME5_JwiNTYVF_FPYG3uA=s32-c-k-c0x00ffffff-no-rj,32,64,64x64,https://yt4.ggpht.com/1ut4AlFQKjSDUo5KeW07mTkXSKV447RzzlIYpko5SJ0i6caiT1hBcWME5_JwiNTYVF_FPYG3uA=s64-c-k-c0x00ffffff-no-rj,64,Darius,,,,,,,,,,,,,,,,,,,,,,,,,,,,,,,,,,,,,,,,,,,,,,,,,,,,,,,,,,,,,,,,,,monki CHAPA CHAPA,ChwKGkNNYVpuYkxDMVlNREZkX0J3Z1FkRGprT2ln,text_message,1704982399688146
add_chat_item,,,,,,,,,,,,UC0dbRD19qOc8m8mHHpW4cuw,source,https://yt4.ggpht.com/iuJYst27DvlFaJydAwS80t1BSUmXf7w742WPAXVBqEw6i4ZDdNkQk03WdGx_D__B_BYFcMjH-g,32,32x32,https://yt4.ggpht.com/iuJYst27DvlFaJydAwS80t1BSUmXf7w742WPAXVBqEw6i4ZDdNkQk03WdGx_D__B_BYFcMjH-g=s32-c-k-c0x00ffffff-no-rj,32,64,64x64,https://yt4.ggpht.com/iuJYst27DvlFaJydAwS80t1BSUmXf7w742WPAXVBqEw6i4ZDdNkQk03WdGx_D__B_BYFcMjH-g=s64-c-k-c0x00ffffff-no-rj,64,cutiee,,,,,,,,,,,,,,,,,,,,,,,,,,,,,,,,,,,,,,,,,,,,,,,,,,,,,,,,,,,,,,,,,,boy i had ig bro i just deleted a few days ago..,ChwKGkNOYVk1YlRDMVlNREZVYkF3Z1FkMDgwRUp3,text_message,1704982405075638
add_chat_item,,,,,,,,,,,,UCI8S7VtOVsxuKBuPDypFpgw,source,https://yt4.ggpht.com/fI_4_43_9tidnV3SM_J6_s6oEoBoIfd5ZtCahcWMcJpMj7GH_YCJAr8d3zz2iQy9LUqLf8fig8o,32,32x32,https://yt4.ggpht.com/fI_4_43_9tidnV3SM_J6_s6oEoBoIfd5ZtCahcWMcJpMj7GH_YCJAr8d3zz2iQy9LUqLf8fig8o=s32-c-k-c0x00ffffff-no-rj,32,64,64x64,https://yt4.ggpht.com/fI_4_43_9tidnV3SM_J6_s6oEoBoIfd5ZtCahcWMcJpMj7GH_YCJAr8d3zz2iQy9LUqLf8fig8o=s64-c-k-c0x00ffffff-no-rj,64,MyRa,,,,,,,,,,,,,,,,,,,,,,,,,,,,,,,,,,,,,,,,,,,,,,,,,,,,,,,,,,,,,,,,,,Mr Prkp i don't use insta,ChwKGkNQLVNrTFhDMVlNREZkSFR3Z1Fka05rTzlR,text_message,1704982405784095
add_chat_item,,,,,,,,,,,,UCF74QNXk67GGDtV8BxdsDGg,source,https://yt4.ggpht.com/wV9SRsGhfgqO3nvkQJzKEdBvqDunX_Lrh6rNjWCUIpk7imX9u1Fqe0wEBj0cLGE4PeynoYOHRQ,32,32x32,https://yt4.ggpht.com/wV9SRsGhfgqO3nvkQJzKEdBvqDunX_Lrh6rNjWCUIpk7imX9u1Fqe0wEBj0cLGE4PeynoYOHRQ=s32-c-k-c0x00ffffff-no-rj,32,64,64x64,https://yt4.ggpht.com/wV9SRsGhfgqO3nvkQJzKEdBvqDunX_Lrh6rNjWCUIpk7imX9u1Fqe0wEBj0cLGE4PeynoYOHRQ=s64-c-k-c0x00ffffff-no-rj,64,Kazama,üôÉ,source,https://www.youtube.com/s/gaming/emoji/0f0cae22/emoji_u1f643.svg,,,https://www.youtube.com/s/gaming/emoji/0f0cae22/emoji_u1f643.svg,,,,,,False,:upside_down_face:,upside,down,face,,,:upside_down_face:,!:),!-:),!=),,,,,,,,,,,,,,,,,,,,,,,,,,,,,,,,,,,,,,,,,,,,@monke :upside_down_face: Btw Kerela is beautiful I want to go there,ChwKGkNOMkg5YlhDMVlNREZVVEJ3Z1FkLWRvTnBR,text_message,1704982407452857
add_chat_item,,,,,,,,,,,,UCLDy6DiIumDQWZ9SkNbHznA,source,https://yt4.ggpht.com/ytc/AIf8zZR0joMWHqBOeAtPuw3avDgrQkPPT7FWDnzr53t5qA,32,32x32,https://yt4.ggpht.com/ytc/AIf8zZR0joMWHqBOeAtPuw3avDgrQkPPT7FWDnzr53t5qA=s32-c-k-c0x00ffffff-no-rj,32,64,64x64,https://yt4.ggpht.com/ytc/AIf8zZR0joMWHqBOeAtPuw3avDgrQkPPT7FWDnzr53t5qA=s64-c-k-c0x00ffffff-no-rj,64,Niki Georgop,,,,,,,,,,,,,,,,,,,,,,,,,,,,,,,,,,,,,,,,,,,,,,,,,,,,,,,,,,,,,,,,,,@boy i asked what is it?,ChwKGkNQdUx3YmJDMVlNREZYSXUxZ0FkWjV3Q2Vn,text_message,1704982408648105
add_chat_item,,,,,,,,,,,,UCUd-1Tk1zkqr8qg8K34Oy3g,source,https://yt4.ggpht.com/P4oTqxv9Ukckk41cp7ZUk5uI5FXm6a6cjc5e_GaQgYZxZGioPi5G72FyEjFx1TURbwMF712RFA,32,32x32,https://yt4.ggpht.com/P4oTqxv9Ukckk41cp7ZUk5uI5FXm6a6cjc5e_GaQgYZxZGioPi5G72FyEjFx1TURbwMF712RFA=s32-c-k-c0x00ffffff-no-rj,32,64,64x64,https://yt4.ggpht.com/P4oTqxv9Ukckk41cp7ZUk5uI5FXm6a6cjc5e_GaQgYZxZGioPi5G72FyEjFx1TURbwMF712RFA=s64-c-k-c0x00ffffff-no-rj,64,boy,,,,,,,,,,,,,,,,,,,,,,,,,,,,,,,,,,,,,,,,,,,,,,,,,,,,,,,,,,,,,,,,,,@Bhumika okay!,ChwKGkNKQ1p2N2JDMVlNREZlTFN3Z1Fkem8wQ3hB,text_message,1704982408638633
add_chat_item,,,,,,,,,,,,UC7OFPMvAcerTglcRjjL5ObA,source,https://yt4.ggpht.com/VDO70Tz5MbZwP0EA5sI-xeeXMGP6plkhPAP--BS3F-XO2WjlmKUyhayCuMg3IargmdawEupynL0,32,32x32,https://yt4.ggpht.com/VDO70Tz5MbZwP0EA5sI-xeeXMGP6plkhPAP--BS3F-XO2WjlmKUyhayCuMg3IargmdawEupynL0=s32-c-k-c0x00ffffff-no-rj,32,64,64x64,https://yt4.ggpht.com/VDO70Tz5MbZwP0EA5sI-xeeXMGP6plkhPAP--BS3F-XO2WjlmKUyhayCuMg3IargmdawEupynL0=s64-c-k-c0x00ffffff-no-rj,64,Rum,,,,,,,,,,,,,,,,,,,,,,,,,,,,,,,,,,,,,,,,,,,,,,,,,,,,,,,,,,,,,,,,,,"Mir you know, speak Arabic?",ChwKGkNQS1J1YmZDMVlNREZmQUkxZ0FkMzcwSk9n,text_message,1704982410594023
add_chat_item,,,,,,,,,,,,UCR1Jvukh7AW6f4SmizNVFWA,source,https://yt4.ggpht.com/mNwzH7IkZKs5eLm4nJ7ugPHrSH3ZMeGVyDjZxlrrvr-hP9IjHFhyAJ2s908b493788vPHf-mkh0,32,32x32,https://yt4.ggpht.com/mNwzH7IkZKs5eLm4nJ7ugPHrSH3ZMeGVyDjZxlrrvr-hP9IjHFhyAJ2s908b493788vPHf-mkh0=s32-c-k-c0x00ffffff-no-rj,32,64,64x64,https://yt4.ggpht.com/mNwzH7IkZKs5eLm4nJ7ugPHrSH3ZMeGVyDjZxlrrvr-hP9IjHFhyAJ2s908b493788vPHf-mkh0=s64-c-k-c0x00ffffff-no-rj,64,Rahil,,,,,,,,,,,,,,,,,,,,,,,,,,,,,,,,,,,,,,,,,,,,,,,,,,,,,,,,,,,,,,,,,,@Karice suiiii,ChwKGkNKT2h6TGZDMVlNREZiTWVyUVlkMlprUDNB,text_message,1704982410932471
add_chat_item,,,,,,,,,,,,UCMSsZII1oPY2LPKt3K-5iKw,source,https://yt4.ggpht.com/hGNZPR6aEJjM1y7DC8xoj6EPXNbBRtoE8sN3vkoNt79eYu46jYE-YYgslsRRTV7AnvvY5T7b0g,32,32x32,https://yt4.ggpht.com/hGNZPR6aEJjM1y7DC8xoj6EPXNbBRtoE8sN3vkoNt79eYu46jYE-YYgslsRRTV7AnvvY5T7b0g=s32-c-k-c0x00ffffff-no-rj,32,64,64x64,https://yt4.ggpht.com/hGNZPR6aEJjM1y7DC8xoj6EPXNbBRtoE8sN3vkoNt79eYu46jYE-YYgslsRRTV7AnvvY5T7b0g=s64-c-k-c0x00ffffff-no-rj,64,StoRmi,,,,,,,,,,,,,,,,,,,,,,,,,,,,,,,,,,,,,,,,,,,,,,,,,,,,,,,,,,,,,,,,,,Mr Prkp hey,ChwKGkNKNnYwYmZDMVlNREZTZ19yUVlkaHBZRTln,text_message,1704982411031692
add_chat_item,,,,,,,,,,,,UC2tZgLOfBt2dvc-MEIkHltQ,source,https://yt4.ggpht.com/y0TpdmjZIFy0PhU1l1l-Myj0NqcF2yhotahTgFwAM-hron4Cj4kt-lAiuwGWagBYKPWkSN9EPA,32,32x32,https://yt4.ggpht.com/y0TpdmjZIFy0PhU1l1l-Myj0NqcF2yhotahTgFwAM-hron4Cj4kt-lAiuwGWagBYKPWkSN9EPA=s32-c-k-c0x00ffffff-no-rj,32,64,64x64,https://yt4.ggpht.com/y0TpdmjZIFy0PhU1l1l-Myj0NqcF2yhotahTgFwAM-hron4Cj4kt-lAiuwGWagBYKPWkSN9EPA=s64-c-k-c0x00ffffff-no-rj,64,Mir ,,,,,,,,,,,,,,,,,,,,,,,,,,,,,,,,,,,,,,,,,,,,,,,,,,,,,,,,,,,,,,,,,,Rum I'm in college,ChwKGkNNRzV1YmpDMVlNREZSWUcxZ0FkZVU4T0dB,text_message,1704982412697537
add_chat_item,,,,,,,,,,,,UCvkT-KUWZYInpZXVKK8QxUg,source,https://yt4.ggpht.com/824ys14utEUwY4k7t1eWIfeuOKf-MZAKCxjsFmEN3RlAnlyGR-hkXKrP3hpOYQGHEGvBsjfWxA,32,32x32,https://yt4.ggpht.com/824ys14utEUwY4k7t1eWIfeuOKf-MZAKCxjsFmEN3RlAnlyGR-hkXKrP3hpOYQGHEGvBsjfWxA=s32-c-k-c0x00ffffff-no-rj,32,64,64x64,https://yt4.ggpht.com/824ys14utEUwY4k7t1eWIfeuOKf-MZAKCxjsFmEN3RlAnlyGR-hkXKrP3hpOYQGHEGvBsjfWxA=s64-c-k-c0x00ffffff-no-rj,64,–î–∞–Ω–∏—è–ª,,,,,,,,,,,,,,,,,,,,,,,,,,,,,,,,,,,,,,,,,,,,,,,,,,,,,,,,,,,,,,,,,,"Dzekh, –¥–æ–º–∞—à–Ω–∏–π –∫–æ—Ç–∏–∫-—Ö—É–¥–æ–∂–Ω–∏–∫. –ü—Ä–∞–≤–∏–ª—å–Ω–æ –¥—É–º–∞–µ—à—å.",ChwKGkNNT2oxN2pDMVlNREZmQUkxZ0FkMzcwSk9n,text_message,1704982413184917
add_chat_item,,,,,,,,,,,,UCAIJfJElQU3hvjsuVmxhoVg,source,https://yt4.ggpht.com/lGyukMPlhCDDVcbJLlwM8tJLL_Na1H2-RHquaIQ74ZJTD53b7V7HNZd6BXnh7Tw-z0b5VZJjHw,32,32x32,https://yt4.ggpht.com/lGyukMPlhCDDVcbJLlwM8tJLL_Na1H2-RHquaIQ74ZJTD53b7V7HNZd6BXnh7Tw-z0b5VZJjHw=s32-c-k-c0x00ffffff-no-rj,32,64,64x64,https://yt4.ggpht.com/lGyukMPlhCDDVcbJLlwM8tJLL_Na1H2-RHquaIQ74ZJTD53b7V7HNZd6BXnh7Tw-z0b5VZJjHw=s64-c-k-c0x00ffffff-no-rj,64,ben,,,,,,,,,,,,,,,,,,,,,,,,,,,,,,,,,,,,,,,,,,,,,,,,,,,,,,,,,,,,,,,,,,mujhe bibilophobia hai,ChwKGkNLN0Rncm5DMVlNREZkX0J3Z1FkRGprT2ln,text_message,1704982413925063
add_chat_item,,,,,,,,,,,,UCp5zOw8nZFsE8Ixnu-Ejn_g,source,https://yt4.ggpht.com/6s1xOyV83TMcYjzAoUbJ9S1_vGdqxKR7snYMRTAJrkg4mKbH1O5si6ZckwYbCY0fu620E_QfJA,32,32x32,https://yt4.ggpht.com/6s1xOyV83TMcYjzAoUbJ9S1_vGdqxKR7snYMRTAJrkg4mKbH1O5si6ZckwYbCY0fu620E_QfJA=s32-c-k-c0x00ffffff-no-rj,32,64,64x64,https://yt4.ggpht.com/6s1xOyV83TMcYjzAoUbJ9S1_vGdqxKR7snYMRTAJrkg4mKbH1O5si6ZckwYbCY0fu620E_QfJA=s64-c-k-c0x00ffffff-no-rj,64,–ï—Ä–Ω–∞—Ä –†–∞—Ö–º–∞–Ω–±–µ—Ä–¥—ã,,,,,,,,,,,,,,,,,,,,,,,,,,,,,,,,,,,,,,,,,,,,,,,,,,,,,,,,,,,,,,,,,,–º–Ω–µ —Ç–æ–∂ –ø—Ä–∏—è—Ç–Ω–æ),ChwKGkNPMjFvTG5DMVlNREZYUVAxZ0FkZDBRQkxR,text_message,1704982414406663
add_chat_item,,,,,,,,,,,,UCwQsAB_46jWUK2v0C3uwvsQ,source,https://yt4.ggpht.com/ytc/AIf8zZTYQfut6FGf81dF5T7MCaC2DBCvKba3uGeTNEc-bTENjzrXl9WsgpMkizwqgLS4,32,32x32,https://yt4.ggpht.com/ytc/AIf8zZTYQfut6FGf81dF5T7MCaC2DBCvKba3uGeTNEc-bTENjzrXl9WsgpMkizwqgLS4=s32-c-k-c0x00ffffff-no-rj,32,64,64x64,https://yt4.ggpht.com/ytc/AIf8zZTYQfut6FGf81dF5T7MCaC2DBCvKba3uGeTNEc-bTENjzrXl9WsgpMkizwqgLS4=s64-c-k-c0x00ffffff-no-rj,64,Bhumika,,,,,,,,,,,,,,,,,,,,,,,,,,,,,,,,,,,,,,,,,,,,,,,,,,,,,,,,,,,,,,,,,,@Rahil same,ChwKGkNMYmpxN25DMVlNREZTM0R3Z1FkOWtvSldB,text_message,1704982414615554
add_chat_item,,,,,,,,,,,,UCdy9kzH32z2XGqR4s5ZO2cg,source,https://yt4.ggpht.com/ytc/AIf8zZTR9gz4V860kZEHpu8-JCc3rEsrLbNSByewfDRwRA,32,32x32,https://yt4.ggpht.com/ytc/AIf8zZTR9gz4V860kZEHpu8-JCc3rEsrLbNSByewfDRwRA=s32-c-k-c0x00ffffff-no-rj,32,64,64x64,https://yt4.ggpht.com/ytc/AIf8zZTR9gz4V860kZEHpu8-JCc3rEsrLbNSByewfDRwRA=s64-c-k-c0x00ffffff-no-rj,64,–°–µ—Ä–≥–µ–π –í–æ–ª–æ–±—É–µ–≤,üôÇ,source,https://www.youtube.com/s/gaming/emoji/0f0cae22/emoji_u1f642.svg,,,https://www.youtube.com/s/gaming/emoji/0f0cae22/emoji_u1f642.svg,,,,,,False,:slightly_smiling_face:,slightly,smiling,face,,,:slightly_smiling_face:,:),:-),=),,,,,,,,,,,,,,,,,,,,,,,,,,,,,,,,,,,,,,,,,,,,:slightly_smiling_face:,ChwKGkNJUzB0cm5DMVlNREZSOEkxZ0Fkd24wT1RR,text_message,1704982414798168
add_chat_item,,,,,,,,,,,,UCR4pDHLH90QBEwENhgAaDhg,source,https://yt4.ggpht.com/4HqMJ_28BKJFd9MzBhl0IghJc_Es8InknmWBd_qMQ1S224awOtw42gFb8jGof8PAnqcq9hnd,32,32x32,https://yt4.ggpht.com/4HqMJ_28BKJFd9MzBhl0IghJc_Es8InknmWBd_qMQ1S224awOtw42gFb8jGof8PAnqcq9hnd=s32-c-k-c0x00ffffff-no-rj,32,64,64x64,https://yt4.ggpht.com/4HqMJ_28BKJFd9MzBhl0IghJc_Es8InknmWBd_qMQ1S224awOtw42gFb8jGof8PAnqcq9hnd=s64-c-k-c0x00ffffff-no-rj,64,Khyati Tiwari,üòè,source,https://www.youtube.com/s/gaming/emoji/0f0cae22/emoji_u1f60f.svg,,,https://www.youtube.com/s/gaming/emoji/0f0cae22/emoji_u1f60f.svg,,,,,,False,:smirking_face:,smirking,face,smirk,,,:smirking_face:,:smirk:,":,",":-,",üòÇ,source,https://www.youtube.com/s/gaming/emoji/0f0cae22/emoji_u1f602.svg,,,https://www.youtube.com/s/gaming/emoji/0f0cae22/emoji_u1f602.svg,,,,,,False,:face_with_tears_of_joy:,face,with,tears,of,joy,:face_with_tears_of_joy:,:joy:,,,,,,,,,,,,,,,,,,,,,,,,@ben mere idhr chilla :smirking_face::face_with_tears_of_joy:,ChwKGkNNekMtcm5DMVlNREZUakJ3Z1FkRlVBQjl3,text_message,1704982415898200
add_chat_item,,,,,,,,,,,,UCBW1GVCzerQsv30d4ehaZww,source,https://yt4.ggpht.com/I-Ud6pMBWPRsFIcypv0eVHqz6Eb953gefJdd07zR50oBJpvfEalnE-S67B06sBQCho4FtII_Sg,32,32x32,https://yt4.ggpht.com/I-Ud6pMBWPRsFIcypv0eVHqz6Eb953gefJdd07zR50oBJpvfEalnE-S67B06sBQCho4FtII_Sg=s32-c-k-c0x00ffffff-no-rj,32,64,64x64,https://yt4.ggpht.com/I-Ud6pMBWPRsFIcypv0eVHqz6Eb953gefJdd07zR50oBJpvfEalnE-S67B06sBQCho4FtII_Sg=s64-c-k-c0x00ffffff-no-rj,64,Gar√¨ma,,,,,,,,,,,,,,,,,,,,,,,,,,,,,,,,,,,,,,,,,,,,,,,,,,,,,,,,,,,,,,,,,,@Titan hehe,ChwKGkNLYmhqN3pDMVlNREZWRER3Z1FkeVpJSmp3,text_message,1704982420450613
add_chat_item,source,https://yt3.ggpht.com/uSJXtUUpynW5hG4rZO02pgZhZb_cfroVgzf5aK9vJTGsCJFjGNVfebZiSqnSUrXuBZH2W5LE,16,16x16,https://yt3.ggpht.com/uSJXtUUpynW5hG4rZO02pgZhZb_cfroVgzf5aK9vJTGsCJFjGNVfebZiSqnSUrXuBZH2W5LE=s16-c-k,16,32,32x32,https://yt3.ggpht.com/uSJXtUUpynW5hG4rZO02pgZhZb_cfroVgzf5aK9vJTGsCJFjGNVfebZiSqnSUrXuBZH2W5LE=s32-c-k,32,Member (2 months),UC8BHfaoAzbMypP65Y0OYzxA,source,https://yt4.ggpht.com/-Gc3moMvXs9lguiCNsScZCqL11NQvh-1qV3ufLs-4vwh3pC3Dh_1WeFZX4T9RiPrzdRCesA1nQ,32,32x32,https://yt4.ggpht.com/-Gc3moMvXs9lguiCNsScZCqL11NQvh-1qV3ufLs-4vwh3pC3Dh_1WeFZX4T9RiPrzdRCesA1nQ=s32-c-k-c0x00ffffff-no-rj,32,64,64x64,https://yt4.ggpht.com/-Gc3moMvXs9lguiCNsScZCqL11NQvh-1qV3ufLs-4vwh3pC3Dh_1WeFZX4T9RiPrzdRCesA1nQ=s64-c-k-c0x00ffffff-no-rj,64,Titan,üé∂,source,https://www.youtube.com/s/gaming/emoji/0f0cae22/emoji_u1f3b6.svg,,,https://www.youtube.com/s/gaming/emoji/0f0cae22/emoji_u1f3b6.svg,,,,,,False,:musical_notes:,musical,notes,,,,:musical_notes:,:notes:,,,üéµ,source,https://www.youtube.com/s/gaming/emoji/0f0cae22/emoji_u1f3b5.svg,,,https://www.youtube.com/s/gaming/emoji/0f0cae22/emoji_u1f3b5.svg,,,,,,False,:musical_note:,musical,note,,,,:musical_note:,,,,UCSJ4gkVC6NrvII8umztf0Ow/I-P3YJTXG4il1wLTxId4,source,https://yt3.ggpht.com/Ut6m2WfMLi4KlDo-4fJhM8zuHn2AnedIzRpQ3f_1ppevsrRlOGy7Um_I5Xzf02LRMPYvdmb_Lw,24,24x24,https://yt3.ggpht.com/Ut6m2WfMLi4KlDo-4fJhM8zuHn2AnedIzRpQ3f_1ppevsrRlOGy7Um_I5Xzf02LRMPYvdmb_Lw=w24-h24-c-k-nd,24,48,48x48,https://yt3.ggpht.com/Ut6m2WfMLi4KlDo-4fJhM8zuHn2AnedIzRpQ3f_1ppevsrRlOGy7Um_I5Xzf02LRMPYvdmb_Lw=w48-h48-c-k-nd,48,True,:_lofiLofisleep:,_lofiLofisleep,lofiLofisleep,_lofisleep,lofisleep,:_lofiLofisleep:,:lofiLofisleep:,:_lofisleep:,:lofisleep:,:musical_notes::musical_note::_lofiLofisleep:,ChwKGkNOekZ6TDNDMVlNREZYREN3Z1FkY0lBTVJn,text_message,1704982423546787
add_chat_item,,,,,,,,,,,,UCQM6p1FYSrBxuCNE7CbKMEQ,source,https://yt4.ggpht.com/YpjlUuT1nIR0VePKx43yP6rKxmCu116_EaqnEiYyRIbQBUwNMpzRMeOF-84o9nP32DVq2EpExQ,32,32x32,https://yt4.ggpht.com/YpjlUuT1nIR0VePKx43yP6rKxmCu116_EaqnEiYyRIbQBUwNMpzRMeOF-84o9nP32DVq2EpExQ=s32-c-k-c0x00ffffff-no-rj,32,64,64x64,https://yt4.ggpht.com/YpjlUuT1nIR0VePKx43yP6rKxmCu116_EaqnEiYyRIbQBUwNMpzRMeOF-84o9nP32DVq2EpExQ=s64-c-k-c0x00ffffff-no-rj,64,Dim,,,,,,,,,,,,,,,,,,,,,,,,,,,,,,,,,,,,,,,,,,,,,,,,,,,,,,,,,,,,,,,,,,"wait, shayad ek bakra fass gya",ChwKGkNLX0trNzdDMVlNREZSRER3Z1FkQ3lBT0N3,text_message,1704982424708193
add_chat_item,,,,,,,,,,,,UCF74QNXk67GGDtV8BxdsDGg,source,https://yt4.ggpht.com/wV9SRsGhfgqO3nvkQJzKEdBvqDunX_Lrh6rNjWCUIpk7imX9u1Fqe0wEBj0cLGE4PeynoYOHRQ,32,32x32,https://yt4.ggpht.com/wV9SRsGhfgqO3nvkQJzKEdBvqDunX_Lrh6rNjWCUIpk7imX9u1Fqe0wEBj0cLGE4PeynoYOHRQ=s32-c-k-c0x00ffffff-no-rj,32,64,64x64,https://yt4.ggpht.com/wV9SRsGhfgqO3nvkQJzKEdBvqDunX_Lrh6rNjWCUIpk7imX9u1Fqe0wEBj0cLGE4PeynoYOHRQ=s64-c-k-c0x00ffffff-no-rj,64,Kazama,üòÖ,source,https://www.youtube.com/s/gaming/emoji/0f0cae22/emoji_u1f605.svg,,,https://www.youtube.com/s/gaming/emoji/0f0cae22/emoji_u1f605.svg,,,,,,False,:grinning_face_with_sweat:,grinning,face,with,sweat,smile,:grinning_face_with_sweat:,:sweat_smile:,,,üëä,source,https://www.youtube.com/s/gaming/emoji/0f0cae22/emoji_u1f44a.svg,,,https://www.youtube.com/s/gaming/emoji/0f0cae22/emoji_u1f44a.svg,,,,,,False,:oncoming_fist:,oncoming,fist,facepunch,punch,,:oncoming_fist:,:facepunch:,:punch:,,,,,,,,,,,,,,,,,,,,,,,@Bhumika :grinning_face_with_sweat::oncoming_fist:,ChwKGkNJR0Q4YjdDMVlNREZkX1J3Z1FkaTJNRVZR,text_message,1704982426245098
add_chat_item,,,,,,,,,,,,UCWKHaKBaAeAcpew-tyzFC6A,source,https://yt4.ggpht.com/-AihpPx0MWA2ZAc06P5hM7-SJdXeUGa9Xsxx0q5JPHI1hELRm_aPxljws-2KKiOc4bWUU5UB2_0,32,32x32,https://yt4.ggpht.com/-AihpPx0MWA2ZAc06P5hM7-SJdXeUGa9Xsxx0q5JPHI1hELRm_aPxljws-2KKiOc4bWUU5UB2_0=s32-c-k-c0x00ffffff-no-rj,32,64,64x64,https://yt4.ggpht.com/-AihpPx0MWA2ZAc06P5hM7-SJdXeUGa9Xsxx0q5JPHI1hELRm_aPxljws-2KKiOc4bWUU5UB2_0=s64-c-k-c0x00ffffff-no-rj,64,Mr Prkp,,,,,,,,,,,,,,,,,,,,,,,,,,,,,,,,,,,,,,,,,,,,,,,,,,,,,,,,,,,,,,,,,,#StoRmi how are you ?,ChwKGkNPTDcwTF9DMVlNREZTM0R3Z1FkOWtvSldB,text_message,1704982427807423
add_chat_item,,,,,,,,,,,,UCwQsAB_46jWUK2v0C3uwvsQ,source,https://yt4.ggpht.com/ytc/AIf8zZTYQfut6FGf81dF5T7MCaC2DBCvKba3uGeTNEc-bTENjzrXl9WsgpMkizwqgLS4,32,32x32,https://yt4.ggpht.com/ytc/AIf8zZTYQfut6FGf81dF5T7MCaC2DBCvKba3uGeTNEc-bTENjzrXl9WsgpMkizwqgLS4=s32-c-k-c0x00ffffff-no-rj,32,64,64x64,https://yt4.ggpht.com/ytc/AIf8zZTYQfut6FGf81dF5T7MCaC2DBCvKba3uGeTNEc-bTENjzrXl9WsgpMkizwqgLS4=s64-c-k-c0x00ffffff-no-rj,64,Bhumika,,,,,,,,,,,,,,,,,,,,,,,,,,,,,,,,,,,,,,,,,,,,,,,,,,,,,,,,,,,,,,,,,,@boy yup u are a student,ChwKGkNNV2pwOERDMVlNREZWZlB3Z1FkYkRvRnNB,text_message,1704982429232443
add_chat_item,,,,,,,,,,,,UCMCF8-u40ihqZVci-UvcwTg,source,https://yt4.ggpht.com/ytc/AIf8zZRHJeRJbqrYrStpKdWY_X_A3FWd4OCSpV_gjOwRU-r7u4PwrgJdDF_tSdjL35sx,32,32x32,https://yt4.ggpht.com/ytc/AIf8zZRHJeRJbqrYrStpKdWY_X_A3FWd4OCSpV_gjOwRU-r7u4PwrgJdDF_tSdjL35sx=s32-c-k-c0x00ffffff-no-rj,32,64,64x64,https://yt4.ggpht.com/ytc/AIf8zZRHJeRJbqrYrStpKdWY_X_A3FWd4OCSpV_gjOwRU-r7u4PwrgJdDF_tSdjL35sx=s64-c-k-c0x00ffffff-no-rj,64,karan ,,,,,,,,,,,,,,,,,,,,,,,,,,,,,,,,,,,,,,,,,,,,,,,,,,,,,,,,,,,,,,,,,,@Dimpal Mali official hmm tila mazya kadun hbd sang okk,ChwKGkNPM2V4Y0RDMVlNREZmUFB3Z1Fkb2w4RzlR,text_message,1704982429720623
add_chat_item,,,,,,,,,,,,UC-MplG_I0tJrMEZOK83orvQ,source,https://yt4.ggpht.com/ytc/AIf8zZRiT5PVVJJbyeebkqx_DCqmV7fmmVor412nBYegLA,32,32x32,https://yt4.ggpht.com/ytc/AIf8zZRiT5PVVJJbyeebkqx_DCqmV7fmmVor412nBYegLA=s32-c-k-c0x00ffffff-no-rj,32,64,64x64,https://yt4.ggpht.com/ytc/AIf8zZRiT5PVVJJbyeebkqx_DCqmV7fmmVor412nBYegLA=s64-c-k-c0x00ffffff-no-rj,64,monke,,,,,,,,,,,,,,,,,,,,,,,,,,,,,,,,,,,,,,,,,,,,,,,,,,,,,,,,,,,,,,,,,,@Kazama imm going to assam this summer,ChwKGkNKVDVqY0hDMVlNREZXM0N3Z1FkSTBZQU13,text_message,1704982430913833
add_chat_item,,,,,,,,,,,,UC6rtwazjmSGrU0E7qLpBPcw,source,https://yt4.ggpht.com/ytc/AIf8zZRIxRyxOqjSGkK0TuP0Y_Xy2GeEHDT8lVpElKNQUQ,32,32x32,https://yt4.ggpht.com/ytc/AIf8zZRIxRyxOqjSGkK0TuP0Y_Xy2GeEHDT8lVpElKNQUQ=s32-c-k-c0x00ffffff-no-rj,32,64,64x64,https://yt4.ggpht.com/ytc/AIf8zZRIxRyxOqjSGkK0TuP0Y_Xy2GeEHDT8lVpElKNQUQ=s64-c-k-c0x00ffffff-no-rj,64,–î–∞—Ä—å—è –ù–æ–≤–∏–∫–æ–≤–∞,,,,,,,,,,,,,,,,,,,,,,,,,,,,,,,,,,,,,,,,,,,,,,,,,,,,,,,,,,,,,,,,,,"—Ä–µ–±—è—Ç–∞, –∫—Ç–æ –∑–Ω–∞–µ—Ç –∫–∞–∫ —Å–Ω—è—Ç—å —Ç—Ä–µ–≤–æ–∂–Ω–æ—Å—Ç—å –±—ã—Å—Ç—Ä–æ?...",ChwKGkNJXzBrc0xDMVlNREZZRUoxZ0FkaTBVRGt3,text_message,1704982433083794
add_chat_item,,,,,,,,,,,,UCD6retM3tkrYuNLAvv84MMQ,source,https://yt4.ggpht.com/mi0fjHIok4D1ByyKyLXRvgJdjS3hg5FMdAhBkNXjVK-hdjvZM26Po-1ZuFt0yt-cWfbZMzlP,32,32x32,https://yt4.ggpht.com/mi0fjHIok4D1ByyKyLXRvgJdjS3hg5FMdAhBkNXjVK-hdjvZM26Po-1ZuFt0yt-cWfbZMzlP=s32-c-k-c0x00ffffff-no-rj,32,64,64x64,https://yt4.ggpht.com/mi0fjHIok4D1ByyKyLXRvgJdjS3hg5FMdAhBkNXjVK-hdjvZM26Po-1ZuFt0yt-cWfbZMzlP=s64-c-k-c0x00ffffff-no-rj,64,Himari Deshuiza,,,,,,,,,,,,,,,,,,,,,,,,,,,,,,,,,,,,,,,,,,,,,,,,,,,,,,,,,,,,,,,,,,@Garima hlo,ChwKGkNJckFqTUxDMVlNREZWekR3Z1FkLXNjSmtR,text_message,1704982432968295
add_chat_item,,,,,,,,,,,,UCpQvOG-S4aj6auE7xMBgaGQ,source,https://yt4.ggpht.com/pJzIcFm1I0kEYV7xgvq5AcBR6TL1gX-F4AHToS488uCNNnOJrkDZi8UT86Deivb4v6A7TfiO,32,32x32,https://yt4.ggpht.com/pJzIcFm1I0kEYV7xgvq5AcBR6TL1gX-F4AHToS488uCNNnOJrkDZi8UT86Deivb4v6A7TfiO=s32-c-k-c0x00ffffff-no-rj,32,64,64x64,https://yt4.ggpht.com/pJzIcFm1I0kEYV7xgvq5AcBR6TL1gX-F4AHToS488uCNNnOJrkDZi8UT86Deivb4v6A7TfiO=s64-c-k-c0x00ffffff-no-rj,64,Fahim,UCkszU2WH9gy1mb0dV-11UJg/m8MfY4jbFsWJhL0PyouA2Ak,source,https://yt3.ggpht.com/I0Mem9dU_IZ4a9cQPzR0pUJ8bH-882Eg0sDQjBmPcHA6Oq0uXOZcsjPvPbtormx91Ha2eRA,24,24x24,https://yt3.ggpht.com/I0Mem9dU_IZ4a9cQPzR0pUJ8bH-882Eg0sDQjBmPcHA6Oq0uXOZcsjPvPbtormx91Ha2eRA=w24-h24-c-k-nd,24,48,48x48,https://yt3.ggpht.com/I0Mem9dU_IZ4a9cQPzR0pUJ8bH-882Eg0sDQjBmPcHA6Oq0uXOZcsjPvPbtormx91Ha2eRA=w48-h48-c-k-nd,48,True,:face-red-heart-shape:,face-red-heart-shape,,,,,:face-red-heart-shape:,,,,,,,,,,,,,,,,,,,,,,,,,,,,,,,,,,,,,,,,,,,,,,,@Prime:face-red-heart-shape::face-red-heart-shape::face-red-heart-shape::face-red-heart-shape:,ChwKGkNOdmFtTVBDMVlNREZUX0N3Z1FkX0RJSU1R,text_message,1704982435285379
add_chat_item,,,,,,,,,,,,UCQM6p1FYSrBxuCNE7CbKMEQ,source,https://yt4.ggpht.com/YpjlUuT1nIR0VePKx43yP6rKxmCu116_EaqnEiYyRIbQBUwNMpzRMeOF-84o9nP32DVq2EpExQ,32,32x32,https://yt4.ggpht.com/YpjlUuT1nIR0VePKx43yP6rKxmCu116_EaqnEiYyRIbQBUwNMpzRMeOF-84o9nP32DVq2EpExQ=s32-c-k-c0x00ffffff-no-rj,32,64,64x64,https://yt4.ggpht.com/YpjlUuT1nIR0VePKx43yP6rKxmCu116_EaqnEiYyRIbQBUwNMpzRMeOF-84o9nP32DVq2EpExQ=s64-c-k-c0x00ffffff-no-rj,64,Dim,,,,,,,,,,,,,,,,,,,,,,,,,,,,,,,,,,,,,,,,,,,,,,,,,,,,,,,,,,,,,,,,,,"@Mr Prkp yes, ofc",ChwKGkNObjh5OFBDMVlNREZTY1NyUVlkSUpBR1hn,text_message,1704982436116346
add_chat_item,,,,,,,,,,,,UCR1Jvukh7AW6f4SmizNVFWA,source,https://yt4.ggpht.com/mNwzH7IkZKs5eLm4nJ7ugPHrSH3ZMeGVyDjZxlrrvr-hP9IjHFhyAJ2s908b493788vPHf-mkh0,32,32x32,https://yt4.ggpht.com/mNwzH7IkZKs5eLm4nJ7ugPHrSH3ZMeGVyDjZxlrrvr-hP9IjHFhyAJ2s908b493788vPHf-mkh0=s32-c-k-c0x00ffffff-no-rj,32,64,64x64,https://yt4.ggpht.com/mNwzH7IkZKs5eLm4nJ7ugPHrSH3ZMeGVyDjZxlrrvr-hP9IjHFhyAJ2s908b493788vPHf-mkh0=s64-c-k-c0x00ffffff-no-rj,64,Rahil,,,,,,,,,,,,,,,,,,,,,,,,,,,,,,,,,,,,,,,,,,,,,,,,,,,,,,,,,,,,,,,,,,@Bhumika yeah!,ChwKGkNOVEkyc1BDMVlNREZWRER3Z1FkeVpJSmp3,text_message,1704982436335915
add_chat_item,,,,,,,,,,,,UCI8S7VtOVsxuKBuPDypFpgw,source,https://yt4.ggpht.com/fI_4_43_9tidnV3SM_J6_s6oEoBoIfd5ZtCahcWMcJpMj7GH_YCJAr8d3zz2iQy9LUqLf8fig8o,32,32x32,https://yt4.ggpht.com/fI_4_43_9tidnV3SM_J6_s6oEoBoIfd5ZtCahcWMcJpMj7GH_YCJAr8d3zz2iQy9LUqLf8fig8o=s32-c-k-c0x00ffffff-no-rj,32,64,64x64,https://yt4.ggpht.com/fI_4_43_9tidnV3SM_J6_s6oEoBoIfd5ZtCahcWMcJpMj7GH_YCJAr8d3zz2iQy9LUqLf8fig8o=s64-c-k-c0x00ffffff-no-rj,64,MyRa,,,,,,,,,,,,,,,,,,,,,,,,,,,,,,,,,,,,,,,,,,,,,,,,,,,,,,,,,,,,,,,,,,HAMAS NO I DON'T KNOW U WJO R U,ChwKGkNNT2YzOFBDMVlNREZSM0J3Z1FkS09VTDN3,text_message,1704982436441871
add_chat_item,,,,,,,,,,,,UCCIBMV3bqoqDdb-ZyMdtdVQ,source,https://yt4.ggpht.com/RlbwUgVHDEsyhRwaRNXOsWVmezhkElo9dhyHm0rSnECW0j5_gmcjxlRjpVWf6TZF10f-jRYOXQ,32,32x32,https://yt4.ggpht.com/RlbwUgVHDEsyhRwaRNXOsWVmezhkElo9dhyHm0rSnECW0j5_gmcjxlRjpVWf6TZF10f-jRYOXQ=s32-c-k-c0x00ffffff-no-rj,32,64,64x64,https://yt4.ggpht.com/RlbwUgVHDEsyhRwaRNXOsWVmezhkElo9dhyHm0rSnECW0j5_gmcjxlRjpVWf6TZF10f-jRYOXQ=s64-c-k-c0x00ffffff-no-rj,64,Untidy,,,,,,,,,,,,,,,,,,,,,,,,,,,,,,,,,,,,,,,,,,,,,,,,,,,,,,,,,,,,,,,,,,she don't use ig.. she use boys,ChwKGkNLaWpnOFRDMVlNREZTZ19yUVlkaHBZRTln,text_message,1704982437017152
add_chat_item,,,,,,,,,,,,UCMSsZII1oPY2LPKt3K-5iKw,source,https://yt4.ggpht.com/hGNZPR6aEJjM1y7DC8xoj6EPXNbBRtoE8sN3vkoNt79eYu46jYE-YYgslsRRTV7AnvvY5T7b0g,32,32x32,https://yt4.ggpht.com/hGNZPR6aEJjM1y7DC8xoj6EPXNbBRtoE8sN3vkoNt79eYu46jYE-YYgslsRRTV7AnvvY5T7b0g=s32-c-k-c0x00ffffff-no-rj,32,64,64x64,https://yt4.ggpht.com/hGNZPR6aEJjM1y7DC8xoj6EPXNbBRtoE8sN3vkoNt79eYu46jYE-YYgslsRRTV7AnvvY5T7b0g=s64-c-k-c0x00ffffff-no-rj,64,StoRmi,,,,,,,,,,,,,,,,,,,,,,,,,,,,,,,,,,,,,,,,,,,,,,,,,,,,,,,,,,,,,,,,,,Mr Prkp good wby,ChwKGkNPbTFpOFhDMVlNREZlTFN3Z1Fkem8wQ3hB,text_message,1704982439241905
add_chat_item,,,,,,,,,,,,UC2tZgLOfBt2dvc-MEIkHltQ,source,https://yt4.ggpht.com/y0TpdmjZIFy0PhU1l1l-Myj0NqcF2yhotahTgFwAM-hron4Cj4kt-lAiuwGWagBYKPWkSN9EPA,32,32x32,https://yt4.ggpht.com/y0TpdmjZIFy0PhU1l1l-Myj0NqcF2yhotahTgFwAM-hron4Cj4kt-lAiuwGWagBYKPWkSN9EPA=s32-c-k-c0x00ffffff-no-rj,32,64,64x64,https://yt4.ggpht.com/y0TpdmjZIFy0PhU1l1l-Myj0NqcF2yhotahTgFwAM-hron4Cj4kt-lAiuwGWagBYKPWkSN9EPA=s64-c-k-c0x00ffffff-no-rj,64,Mir ,,,,,,,,,,,,,,,,,,,,,,,,,,,,,,,,,,,,,,,,,,,,,,,,,,,,,,,,,,,,,,,,,,"Rum i want to learn, i don't know the meaning but i read properly",ChwKGkNJUHhxY1hDMVlNREZYSXUxZ0FkWjV3Q2Vn,text_message,1704982439706662
add_chat_item,,,,,,,,,,,,UCBW1GVCzerQsv30d4ehaZww,source,https://yt4.ggpht.com/I-Ud6pMBWPRsFIcypv0eVHqz6Eb953gefJdd07zR50oBJpvfEalnE-S67B06sBQCho4FtII_Sg,32,32x32,https://yt4.ggpht.com/I-Ud6pMBWPRsFIcypv0eVHqz6Eb953gefJdd07zR50oBJpvfEalnE-S67B06sBQCho4FtII_Sg=s32-c-k-c0x00ffffff-no-rj,32,64,64x64,https://yt4.ggpht.com/I-Ud6pMBWPRsFIcypv0eVHqz6Eb953gefJdd07zR50oBJpvfEalnE-S67B06sBQCho4FtII_Sg=s64-c-k-c0x00ffffff-no-rj,64,Gar√¨ma,,,,,,,,,,,,,,,,,,,,,,,,,,,,,,,,,,,,,,,,,,,,,,,,,,,,,,,,,,,,,,,,,,me chali me chali,ChwKGkNMQ0I3OFhDMVlNREZmUEN3Z1FkemlVTVdR,text_message,1704982440894641
add_chat_item,,,,,,,,,,,,UC0dbRD19qOc8m8mHHpW4cuw,source,https://yt4.ggpht.com/iuJYst27DvlFaJydAwS80t1BSUmXf7w742WPAXVBqEw6i4ZDdNkQk03WdGx_D__B_BYFcMjH-g,32,32x32,https://yt4.ggpht.com/iuJYst27DvlFaJydAwS80t1BSUmXf7w742WPAXVBqEw6i4ZDdNkQk03WdGx_D__B_BYFcMjH-g=s32-c-k-c0x00ffffff-no-rj,32,64,64x64,https://yt4.ggpht.com/iuJYst27DvlFaJydAwS80t1BSUmXf7w742WPAXVBqEw6i4ZDdNkQk03WdGx_D__B_BYFcMjH-g=s64-c-k-c0x00ffffff-no-rj,64,cutiee,,,,,,,,,,,,,,,,,,,,,,,,,,,,,,,,,,,,,,,,,,,,,,,,,,,,,,,,,,,,,,,,,,pogo nahi dekti hu meeee,ChwKGkNNWF84OGJDMVlNREZTM0R3Z1FkOWtvSldB,text_message,1704982443063067
add_chat_item,,,,,,,,,,,,UCAIJfJElQU3hvjsuVmxhoVg,source,https://yt4.ggpht.com/lGyukMPlhCDDVcbJLlwM8tJLL_Na1H2-RHquaIQ74ZJTD53b7V7HNZd6BXnh7Tw-z0b5VZJjHw,32,32x32,https://yt4.ggpht.com/lGyukMPlhCDDVcbJLlwM8tJLL_Na1H2-RHquaIQ74ZJTD53b7V7HNZd6BXnh7Tw-z0b5VZJjHw=s32-c-k-c0x00ffffff-no-rj,32,64,64x64,https://yt4.ggpht.com/lGyukMPlhCDDVcbJLlwM8tJLL_Na1H2-RHquaIQ74ZJTD53b7V7HNZd6BXnh7Tw-z0b5VZJjHw=s64-c-k-c0x00ffffff-no-rj,64,ben,,,,,,,,,,,,,,,,,,,,,,,,,,,,,,,,,,,,,,,,,,,,,,,,,,,,,,,,,,,,,,,,,,"Khyati Tiwari chila ,, wah yum,",ChwKGkNQN3d3c2ZDMVlNREZiQUJyUVlkT01VRi1R,text_message,1704982444347351
add_chat_item,,,,,,,,,,,,UCCIBMV3bqoqDdb-ZyMdtdVQ,source,https://yt4.ggpht.com/RlbwUgVHDEsyhRwaRNXOsWVmezhkElo9dhyHm0rSnECW0j5_gmcjxlRjpVWf6TZF10f-jRYOXQ,32,32x32,https://yt4.ggpht.com/RlbwUgVHDEsyhRwaRNXOsWVmezhkElo9dhyHm0rSnECW0j5_gmcjxlRjpVWf6TZF10f-jRYOXQ=s32-c-k-c0x00ffffff-no-rj,32,64,64x64,https://yt4.ggpht.com/RlbwUgVHDEsyhRwaRNXOsWVmezhkElo9dhyHm0rSnECW0j5_gmcjxlRjpVWf6TZF10f-jRYOXQ=s64-c-k-c0x00ffffff-no-rj,64,Untidy,,,,,,,,,,,,,,,,,,,,,,,,,,,,,,,,,,,,,,,,,,,,,,,,,,,,,,,,,,,,,,,,,,galat id se aa gya,ChwKGkNNcTUwc2ZDMVlNREZlTFN3Z1Fkem8wQ3hB,text_message,1704982444592429
add_chat_item,,,,,,,,,,,,UCR4pDHLH90QBEwENhgAaDhg,source,https://yt4.ggpht.com/4HqMJ_28BKJFd9MzBhl0IghJc_Es8InknmWBd_qMQ1S224awOtw42gFb8jGof8PAnqcq9hnd,32,32x32,https://yt4.ggpht.com/4HqMJ_28BKJFd9MzBhl0IghJc_Es8InknmWBd_qMQ1S224awOtw42gFb8jGof8PAnqcq9hnd=s32-c-k-c0x00ffffff-no-rj,32,64,64x64,https://yt4.ggpht.com/4HqMJ_28BKJFd9MzBhl0IghJc_Es8InknmWBd_qMQ1S224awOtw42gFb8jGof8PAnqcq9hnd=s64-c-k-c0x00ffffff-no-rj,64,Khyati Tiwari,,,,,,,,,,,,,,,,,,,,,,,,,,,,,,,,,,,,,,,,,,,,,,,,,,,,,,,,,,,,,,,,,,@ben tum non veg khate ho?,ChwKGkNPNnEzY2ZDMVlNREZaVVdyUVlkN0p3T0RR,text_message,1704982444777015
add_chat_item,source,https://yt3.ggpht.com/uSJXtUUpynW5hG4rZO02pgZhZb_cfroVgzf5aK9vJTGsCJFjGNVfebZiSqnSUrXuBZH2W5LE,16,16x16,https://yt3.ggpht.com/uSJXtUUpynW5hG4rZO02pgZhZb_cfroVgzf5aK9vJTGsCJFjGNVfebZiSqnSUrXuBZH2W5LE=s16-c-k,16,32,32x32,https://yt3.ggpht.com/uSJXtUUpynW5hG4rZO02pgZhZb_cfroVgzf5aK9vJTGsCJFjGNVfebZiSqnSUrXuBZH2W5LE=s32-c-k,32,Member (2 months),UC8BHfaoAzbMypP65Y0OYzxA,source,https://yt4.ggpht.com/-Gc3moMvXs9lguiCNsScZCqL11NQvh-1qV3ufLs-4vwh3pC3Dh_1WeFZX4T9RiPrzdRCesA1nQ,32,32x32,https://yt4.ggpht.com/-Gc3moMvXs9lguiCNsScZCqL11NQvh-1qV3ufLs-4vwh3pC3Dh_1WeFZX4T9RiPrzdRCesA1nQ=s32-c-k-c0x00ffffff-no-rj,32,64,64x64,https://yt4.ggpht.com/-Gc3moMvXs9lguiCNsScZCqL11NQvh-1qV3ufLs-4vwh3pC3Dh_1WeFZX4T9RiPrzdRCesA1nQ=s64-c-k-c0x00ffffff-no-rj,64,Titan,UCSJ4gkVC6NrvII8umztf0Ow/I-P3YP_YG4il1wLTxId4,source,https://yt3.ggpht.com/sMpkDMGlSiCQouZrvHz3uzLDv3Ehs5I9m7LJ05WFKAx8VOqENntepztSH7wjm6ZOnpubIi6dQiY,24,24x24,https://yt3.ggpht.com/sMpkDMGlSiCQouZrvHz3uzLDv3Ehs5I9m7LJ05WFKAx8VOqENntepztSH7wjm6ZOnpubIi6dQiY=w24-h24-c-k-nd,24,48,48x48,https://yt3.ggpht.com/sMpkDMGlSiCQouZrvHz3uzLDv3Ehs5I9m7LJ05WFKAx8VOqENntepztSH7wjm6ZOnpubIi6dQiY=w48-h48-c-k-nd,48,True,:_lofiPlushlove:,_lofiPlushlove,lofiPlushlove,_plushlove,plushlove,,:_lofiPlushlove:,:lofiPlushlove:,:_plushlove:,:plushlove:,,,,,,,,,,,,,,,,,,,,,,,,,,,,,,,,,,,,,,,,,,,,Fahim:_lofiPlushlove:,ChwKGkNMaU4yY2pDMVlNREZaWEN3Z1FkclpvR3dR,text_message,1704982446822290
add_chat_item,,,,,,,,,,,,UCsB83WHlftN9HRtkPy10Bnw,source,https://yt4.ggpht.com/4LfrL3vffyvmcTI-n9o9OpSyO1OyMiSIqH57FHqkfdnX0QU__NSiI-LtCquhW0-krppTreP6FTo,32,32x32,https://yt4.ggpht.com/4LfrL3vffyvmcTI-n9o9OpSyO1OyMiSIqH57FHqkfdnX0QU__NSiI-LtCquhW0-krppTreP6FTo=s32-c-k-c0x00ffffff-no-rj,32,64,64x64,https://yt4.ggpht.com/4LfrL3vffyvmcTI-n9o9OpSyO1OyMiSIqH57FHqkfdnX0QU__NSiI-LtCquhW0-krppTreP6FTo=s64-c-k-c0x00ffffff-no-rj,64,ùöâùöëùöíùöò,,,,,,,,,,,,,,,,,,,,,,,,,,,,,,,,,,,,,,,,,,,,,,,,,,,,,,,,,,,,,,,,,,...,ChwKGkNOWGctOG5DMVlNREZRd00xZ0FkTUJFQ2JR,text_message,1704982449434434
add_chat_item,,,,,,,,,,,,UCwQsAB_46jWUK2v0C3uwvsQ,source,https://yt4.ggpht.com/ytc/AIf8zZTYQfut6FGf81dF5T7MCaC2DBCvKba3uGeTNEc-bTENjzrXl9WsgpMkizwqgLS4,32,32x32,https://yt4.ggpht.com/ytc/AIf8zZTYQfut6FGf81dF5T7MCaC2DBCvKba3uGeTNEc-bTENjzrXl9WsgpMkizwqgLS4=s32-c-k-c0x00ffffff-no-rj,32,64,64x64,https://yt4.ggpht.com/ytc/AIf8zZTYQfut6FGf81dF5T7MCaC2DBCvKba3uGeTNEc-bTENjzrXl9WsgpMkizwqgLS4=s64-c-k-c0x00ffffff-no-rj,64,Bhumika,üòÇ,source,https://www.youtube.com/s/gaming/emoji/0f0cae22/emoji_u1f602.svg,,,https://www.youtube.com/s/gaming/emoji/0f0cae22/emoji_u1f602.svg,,,,,,False,:face_with_tears_of_joy:,face,with,tears,of,joy,:face_with_tears_of_joy:,:joy:,,,,,,,,,,,,,,,,,,,,,,,,,,,,,,,,,,,,,,,,,,,,,,@kazama :face_with_tears_of_joy: same pinch hota ha mena punch bol diya,ChwKGkNQajk3TW5DMVlNREZUakJ3Z1FkRlVBQjl3,text_message,1704982449238306
add_chat_item,,,,,,,,,,,,UCVNoUHuv9snbMXRca80ES7g,source,https://yt4.ggpht.com/VH0RlDg--0LXgWPEgIgEcpkhwj5paDomvtn3kufLI_Pr1xwgihUmdmlGYWfD9ihf28NRiWdkzA,32,32x32,https://yt4.ggpht.com/VH0RlDg--0LXgWPEgIgEcpkhwj5paDomvtn3kufLI_Pr1xwgihUmdmlGYWfD9ihf28NRiWdkzA=s32-c-k-c0x00ffffff-no-rj,32,64,64x64,https://yt4.ggpht.com/VH0RlDg--0LXgWPEgIgEcpkhwj5paDomvtn3kufLI_Pr1xwgihUmdmlGYWfD9ihf28NRiWdkzA=s64-c-k-c0x00ffffff-no-rj,64,‚òÜ_ùêáùêÄùêåùêÄùêí_____,,,,,,,,,,,,,,,,,,,,,,,,,,,,,,,,,,,,,,,,,,,,,,,,,,,,,,,,,,,,,,,,,,How are you zhio?,ChwKGkNKT3VnY3JDMVlNREZSWEN3Z1FkUC1VQnZn,text_message,1704982449572867
add_chat_item,source,https://yt3.ggpht.com/uSJXtUUpynW5hG4rZO02pgZhZb_cfroVgzf5aK9vJTGsCJFjGNVfebZiSqnSUrXuBZH2W5LE,16,16x16,https://yt3.ggpht.com/uSJXtUUpynW5hG4rZO02pgZhZb_cfroVgzf5aK9vJTGsCJFjGNVfebZiSqnSUrXuBZH2W5LE=s16-c-k,16,32,32x32,https://yt3.ggpht.com/uSJXtUUpynW5hG4rZO02pgZhZb_cfroVgzf5aK9vJTGsCJFjGNVfebZiSqnSUrXuBZH2W5LE=s32-c-k,32,Member (2 months),UC8BHfaoAzbMypP65Y0OYzxA,source,https://yt4.ggpht.com/-Gc3moMvXs9lguiCNsScZCqL11NQvh-1qV3ufLs-4vwh3pC3Dh_1WeFZX4T9RiPrzdRCesA1nQ,32,32x32,https://yt4.ggpht.com/-Gc3moMvXs9lguiCNsScZCqL11NQvh-1qV3ufLs-4vwh3pC3Dh_1WeFZX4T9RiPrzdRCesA1nQ=s32-c-k-c0x00ffffff-no-rj,32,64,64x64,https://yt4.ggpht.com/-Gc3moMvXs9lguiCNsScZCqL11NQvh-1qV3ufLs-4vwh3pC3Dh_1WeFZX4T9RiPrzdRCesA1nQ=s64-c-k-c0x00ffffff-no-rj,64,Titan,,,,,,,,,,,,,,,,,,,,,,,,,,,,,,,,,,,,,,,,,,,,,,,,,,,,,,,,,,,,,,,,,,hehe,ChwKGkNPWGM3c3JDMVlNREZYREN3Z1FkY0lBTVJn,text_message,1704982451402936
add_chat_item,,,,,,,,,,,,UCqIW7pKerECWc2a5f4r1DZA,source,https://yt4.ggpht.com/fNp-TpJlknDhxhaRAX_3f0WwIdunCVHfX7TyWE0IvM12sL_qRdalitXCi4fQihPRHVwhPiEjJw,32,32x32,https://yt4.ggpht.com/fNp-TpJlknDhxhaRAX_3f0WwIdunCVHfX7TyWE0IvM12sL_qRdalitXCi4fQihPRHVwhPiEjJw=s32-c-k-c0x00ffffff-no-rj,32,64,64x64,https://yt4.ggpht.com/fNp-TpJlknDhxhaRAX_3f0WwIdunCVHfX7TyWE0IvM12sL_qRdalitXCi4fQihPRHVwhPiEjJw=s64-c-k-c0x00ffffff-no-rj,64,ùôÉ . ü•®,,,,,,,,,,,,,,,,,,,,,,,,,,,,,,,,,,,,,,,,,,,,,,,,,,,,,,,,,,,,,,,,,,aaj mujhe ek naam diya gya hai. ,ChwKGkNMU1RfOHJDMVlNREZhSEN3Z1FkNDNBRVh3,text_message,1704982451643335
add_chat_item,,,,,,,,,,,,UCKVALBsE2tJK4uLdukVwX_g,source,https://yt4.ggpht.com/0qUM7Zi3go8LYjfA4Z9ww3ISCaPa6bM_8u4qyRqMSetBmKq-2jYyER7aH1XGGdKIkXFc_RFUog,32,32x32,https://yt4.ggpht.com/0qUM7Zi3go8LYjfA4Z9ww3ISCaPa6bM_8u4qyRqMSetBmKq-2jYyER7aH1XGGdKIkXFc_RFUog=s32-c-k-c0x00ffffff-no-rj,32,64,64x64,https://yt4.ggpht.com/0qUM7Zi3go8LYjfA4Z9ww3ISCaPa6bM_8u4qyRqMSetBmKq-2jYyER7aH1XGGdKIkXFc_RFUog=s64-c-k-c0x00ffffff-no-rj,64,Dimpal Mali official ,,,,,,,,,,,,,,,,,,,,,,,,,,,,,,,,,,,,,,,,,,,,,,,,,,,,,,,,,,,,,,,,,,@karan ok,ChwKGkNMcTBvc3ZDMVlNREZVYkF3Z1FkMDgwRUp3,text_message,1704982452209480
add_chat_item,,,,,,,,,,,,UCF74QNXk67GGDtV8BxdsDGg,source,https://yt4.ggpht.com/wV9SRsGhfgqO3nvkQJzKEdBvqDunX_Lrh6rNjWCUIpk7imX9u1Fqe0wEBj0cLGE4PeynoYOHRQ,32,32x32,https://yt4.ggpht.com/wV9SRsGhfgqO3nvkQJzKEdBvqDunX_Lrh6rNjWCUIpk7imX9u1Fqe0wEBj0cLGE4PeynoYOHRQ=s32-c-k-c0x00ffffff-no-rj,32,64,64x64,https://yt4.ggpht.com/wV9SRsGhfgqO3nvkQJzKEdBvqDunX_Lrh6rNjWCUIpk7imX9u1Fqe0wEBj0cLGE4PeynoYOHRQ=s64-c-k-c0x00ffffff-no-rj,64,Kazama,ü§ó,source,https://www.youtube.com/s/gaming/emoji/0f0cae22/emoji_u1f917.svg,,,https://www.youtube.com/s/gaming/emoji/0f0cae22/emoji_u1f917.svg,,,,,,False,:hugging_face:,hugging,face,,,,:hugging_face:,,,,,,,,,,,,,,,,,,,,,,,,,,,,,,,,,,,,,,,,,,,,,,,@monke Wow Gtk You are very welcome :hugging_face:,ChwKGkNPdXV0OHpDMVlNREZTZ19yUVlkaHBZRTln,text_message,1704982454645787
